Zingzeu ID	原书汉字	轉換繁體漢字	原书拼音	轉換榕拼	释义	例句	分类	页码	左/右侧
2ED8	日头	日頭	niʔ5 t‘au52	nik5 tau53	太阳		天文	1298	L
1E31	月	月	ŋuoʔ5	nguok5	月亮		天文	1298	L
	月生*晕	月生*暈	ŋuoʔ5 saŋ52 uoŋ242	nguok5 sang53 uong242	月晕		天文	1298	L
2420	星	星	siŋ44	sing55	星星		天文	1298	L
	星泄窝	星泄窝	siŋ44 sieʔ12 uo44	sing55 siek24 uo55	流星		天文	1298	L
2EFA	筅帚星	筅帚星	ts‘εiŋ21 ʒiu21 liŋ44	ceing21 njiu21 ling55	扫帚星		天文	1298	L
170C	虹	虹	k‘øyŋ242	keoyng242	霓虹		天文	1298	L
	晚霞	晚霞	uaŋ21 ha52	uang21 ha53	红霞		天文	1298	L
	天气	天氣	t‘ieŋ52 kei213	tieng53 gei213	天气		天文	1298	L
2F60	好天	好天	hɔ21 lieŋ44	ho21 lieng55	好天气		天文	1298	L
2F63	呆*天	呆*天	ŋai21 lieŋ44	ngai21 lieng55	坏天气		天文	1298	L
	天晴	天晴	t‘ieŋ44 saŋ52	tieng55 sang53	晴天		天文	1298	L
	阴乌天	陰烏天	εiŋ21 ŋu44 lieŋ44	eing21 ngu55 lieng55	阴天		天文	1298	L
	𰺲雨天	逿雨天	tɔuŋ21 ŋy21 lieŋ44	doung21 ngy21 lieng55	下雨天		天文	1298	L
	天暖	天暖	t‘ieŋ44 nuoŋ33	tieng55 nuong33	天气暖和		天文	1298	L
	天凉	天涼	t‘ieŋ44 lyoŋ52	tieng55 lyong53	天气凉爽		天文	1298	L
	二八天	二八天	ni21 βeiʔ12 t‘ieŋ44	ni21 weik24 tieng55	春秋冷暖适宜天气		天文	1298	L
	南风天	南風天	naŋ21 ŋuŋ44 nieŋ44	nang21 ngung55 nieng55	潮湿天气		天文	1298	L
	白露□	白露□	pa21 lu52 koy213	ba21 lu53 goy213	白露前后热天气		天文	1298	L
	秋凉	秋涼	ts‘iu44 lyoŋ52	ciu55 lyong53	秋天凉爽天气		天文	1298	L
	秋烘	秋烘	ts‘iu52 oyŋ242	ciu53 ooyng242	秋天热天气		天文	1298	L
	转润*	轉潤*	tuoŋ44 nouŋ213	duong55 noung213	反潮		天文	1298	L
	热天	熱天	ieʔ5 t‘ieŋ44	iek5 tieng55	夏天		天文	1298	R
	凊天	凊天	ts‘iŋ44 nieŋ44	cing55 nieng55	冷天		天文	1298	R
	做旱	做旱	tsɔ52 aŋ242	zo53 ang242	天旱		天文	1298	R
	做大水	做大水	tsɔ44 luai21 ʒy33	zo55 luai21 jy33	发大水		天文	1298	R
	做溪水	做溪水	tsɔ21 k‘ε52 ʒy33	zo21 ke53 jy33	山洪爆发		天文	1298	R
	做风𱃗	做風𱃗	tsɔ21 huŋ44 nai44	zo21 hung55 nai55	刮台风		天文	1298	R
	风𱃗气	風𱃗氣	huŋ21 nai52 k‘ei213	hung21 nai53 kei213	有刮台风的征象		天文	1298	R
	𰺲雨	逿雨	touŋ21 ŋy33	doung21 ngy33	下雨		天文	1298	R
	雷雨	雷雨	lai21 y33	lai21 y33	雷阵雨		天文	1298	R
	雷公响	雷公響	lai44 uŋ4 hyoŋ33	lai55 ung4 hyong33	响雷		天文	1298	R
	雷霎	雷霎	lai21 siaʔ12	lai21 siak24	闪电		天文	1298	R
	雨濛	雨濛	y21 muŋ44	y21 mung55	毛毛雨		天文	1298	R
	濛濛雨	濛濛雨	muŋ21 muŋ52 ŋy33	mung21 mung53 ngy33	毛毛雨		天文	1298	R
	霉雨	黴雨	mui21 y33	mui21 y33	连日下雨		天文	1298	R
	晡时雨	晡時雨	puo52 li21 y33	buo53 li21 y33	阵雨		天文	1298	R
	𰺲晡时	逿晡時	touŋ21 puo44 li52	doung21 buo55 li53	下阵雨		天文	1298	R
	沃雨	沃雨	uo52 y33	uo53 y33	淋雨		天文	1298	R
	过𣆯雨	過𣆯雨	kuo52 ɔuŋ21 ŋy33	guo53 oung21 ngy33	短暂下雨		天文	1298	R
	风丝	風絲	huŋ44 si44	hung55 si55	微风		天文	1298	R
	踅螺风	踅螺風	suoʔ5 loy44 uŋ44	suok5 loy55 ung55	旋风		天文	1298	R
	雷云	雷雲	lai21 uŋ52	lai21 ung53	下雷雨前的乌云		天文	1298	R
	□雾	□霧	muo21 ou242	muo21 ou242	雾		天文	1298	R
	落霜	落霜	lɔ44 souŋ44	lo55 soung55	下霜		天文	1298	R
	落雪	落雪	lɔ21 suoʔ12	lo21 suok24	下雪		天文	1298	R
	珍珠雪	珍珠雪	tsiŋ21 ʒuo52 luoʔ12	zing21 njuo53 luok24	小粒雪		天文	1299	L
	龙雹*	龍雹*	lyŋ44 p‘oyʔ5	lyng55 poyk5	冰雹		天文	1299	L
	𰺲雹*	逿雹*	tɔuŋ44 p‘oyʔ5	doung55 poyk5	下冰雹		天文	1299	L
	地牛转肩	地牛轉肩	ti44 ŋu52 tuoŋ21 ŋieŋ44	di55 ngu53 duong21 ngieng55	地震		天文	1299	L
	露水	露水	lu52 ʒy33	lu53 jy33	露水		天文	1299	L
	天光	天光	t‘ieŋ44 kuoŋ44	tieng55 guong55	天亮		天文	1299	L
	天暗	天暗	t‘ieŋ44 aŋ213	tieng55 ang213	天黑		天文	1299	L
	水涨*	水漲*	tsy24 lɔuŋ33	zy24 loung33	(海水)涨潮		地理	1299	L
	水湓	水湓	tsy44 βuoŋ213	zy55 wuong213	(海水)退潮		地理	1299	L
	海□	海□	hai21 p‘iaʔ	hai21 piak	海边泥滩		地理	1299	L
	沙坂	沙阪	sa52 βuaŋ33	sa53 wuang33	沙滩		地理	1299	L
	海𪨧	海崙	hai44 lɔuŋ213	hai55 loung213	海啸		地理	1299	L
	海墘下	海墘下	hai44 ieŋ21 ŋa242	hai55 ieng21 nga242	沿海		地理	1299	L
	讨海	討海	t‘ɔ24 hai33	to24 hai33	海洋捕鱼		地理	1299	L
	讨小海	討小海	t‘ɔ21 siu24 hai33	to21 siu24 hai33	近海捕鱼		地理	1299	L
	两*头*水	兩*頭*水	laŋ21 nau21 ʒy33	lang21 nau21 jy33	涨潮退潮		地理	1299	L
	□□囝	□□囝	k‘aŋ21 mεiŋ52 ŋiaŋ53	kang21 meing53 ngiang53	瓦砾		地理	1299	L
	山岗	山崗	saŋ52 ŋɔuŋ213	sang53 ngoung213	山峰		地理	1299	L
	山骹	山骹	saŋ44 k‘a44	sang55 ka55	山脚下		地理	1299	L
	山里*	山裏*	saŋ52 nie33	sang53 nie33	山区		地理	1299	L
	山里角	山裏角	saŋ21 nie44 koyʔ12	sang21 nie55 goyk24	偏僻山区		地理	1299	L
	龙潭	龍潭	lyŋ21 t‘aŋ52	lyng21 tang53	山坑		地理	1299	L
	平洋	平洋	paŋ21 ŋyoŋ52	bang21 ngyong53	大片平地		地理	1299	L
	田	田	ts‘εiŋ52	ceing53	田地		地理	1299	L
	园	園	huoŋ52	huong53	旱地		地理	1299	L
	田*堘	田*堘	ts‘εiŋ21 ŋniŋ52	ceing21 ngning53	田埂		地理	1299	L
	埕	埕	tiaŋ52	diang53	空地		地理	1299	L
	曝粟埕	曝粟埕	p‘uo21 ʒuo44 liaŋ52	puo21 juo55 liang53	晒谷场		地理	1299	L
	拦潭	嵐磹	laŋ21 t‘aŋ52	lang21 tang53	石头		地理	1299	L
	拦潭囝	嵐磹囝	la21 laŋ21 ŋiaŋ33	la21 lang21 ngiang33	小石头		地理	1299	L
	石*头*母*	石*頭*母*	syo44 lau21 mɔ33	syo55 lau21 mo33	大石头		地理	1299	L
	石头囝	石頭囝	syo44 lau21 iaŋ33	syo55 lau21 iang33	小石头		地理	1299	L
	石*头*卵*	石*頭*卵*	syo22 lau21 lɔuŋ242	syo22 lau21 loung242	鹅卵石		地理	1299	L
	沙	沙	sai44	sai55	沙子		地理	1299	L
	涂	塗	t‘u52	tu53	泥土		地理	1299	L
	𬲕水	䭕水	tsiaŋ24 ʒy33	ziang24 njy33	淡水		地理	1299	R
	咸水	鹹水	kεiŋ21 ʒy33	geing21 njy33	海水、咸水		地理	1299	R
	滚汤	滾湯	kuŋ21 nɔuŋ44	gung21 noung55	开水		地理	1299	R
	汤	湯	t‘ɔuŋ44	toung55	热水		地理	1299	R
	江	江	kɔuŋ44	goung55	江		地理	1299	R
	河	河	ɔ52	o53	河		地理	1299	R
	溪	溪	k‘ε44	ke55	溪		地理	1299	R
	贝	貝	pui213	bui213	小溪		地理	1299	R
	𰉣	路	tuo242	duo242	路		地理	1299	R
	马𰉣	馬路	ma44 luo242	ma55 luo242	公路		地理	1299	R
	街中	街中	kε44 lɔuŋ44	ge55 loung55	街上		地理	1299	R
	半𰉣中	半路中	puaŋ21 nuo44 lɔuŋ44	buang21 nuo55 loung55	半路上		地理	1299	R
	塭尘	塕塵	uŋ44 niŋ52	ung55 ning53	灰尘		地理	1299	R
	粪倒	糞倒	puŋ52 nɔ213	bung53 no213	垃圾		地理	1299	R
	城里	城里	siaŋ21 nie33	siang21 nie33	城里		地理	1299	R
	县城	縣城	kεiŋ44 niaŋ52	geing55 niang53	指县府驻地		地理	1299	R
	乡下	鄉下	hyoŋ52 ŋa242	hyong53 nga242	农村		地理	1299	R
	今年暝	今年暝	kiŋ44 nieŋ44 maŋ52	ging55 nieng55 mang53	今年		时间	1299	R
	明年暝	明年暝	maŋ21 nieŋ21 maŋ52	mang21 nieng21 mang53	明年		时间	1299	R
	后*年暝	後*年暝	au44 nieŋ44 maŋ52	au55 nieng55 mang53	后年		时间	1299	R
	□后年	□後年	noyŋ213 au44 nieŋ52	neoyng213 au55 nieng53	大后年		时间	1299	R
	去年	去年	k‘ɔ44 nieŋ52	ko55 nieng53	去年		时间	1299	R
	昨年	昨年	sɔ21 nieŋ52	so21 nieng53	前年		时间	1299	R
	□昨年	□昨年	noyŋ213 so21 nieŋ52	neoyng213 so21 nieng53	大前年		时间	1299	R
	昨暝	昨暝	so21 maŋ52	so21 mang53	昨天		时间	1299	R
	昨日	昨日	sɔ44 niʔ5	so55 nik5	前日		时间	1299	R
	今旦	今旦	kiŋ52 naŋ213	ging53 nang213	今天		时间	1299	R
	明*旦	明*旦	maŋ21 naŋ213	mang21 nang213	明天		时间	1299	R
	后日	後日	au21 niʔ5	au21 nik5	后天		时间	1299	R
	□后日	□後日	noyŋ213 au213 niʔ5	neoyng213 au213 nik5	大后天		时间	1299	R
	上昼*	上晝*	syoŋ21 nau213	syong21 nau213	上午		时间	1299	R
	当昼*	當晝*	tɔuŋ52 nau213	doung53 nau213	中午		时间	1299	R
	下昼	下晝	a21 lau213	a21 lau213	下午		时间	1299	R
	早*头*	早*頭*	tsia21 lau52	zia21 lau53	早晨		时间	1299	R
	早*辰*头*	早*辰*頭*	tisa21 iŋ21 nau52	disa21 ing21 nau53	早晨		时间	1299	R
	半晡	半晡	puaŋ44 puo44	buang55 buo55	中午与黄昏之间		时间	1300	L
	暝晡	暝晡	maŋ44 muo44	mang55 muo55	晚上		时间	1300	L
	暝晡头	暝晡頭	maŋ21 muo44 lau52	mang21 muo55 lau53	晚上		时间	1300	L
	半暝	半暝	puaŋ44 maŋ52	buang55 mang53	半夜		时间	1300	L
	半暝囝	半暝囝	puaŋ44 maŋ21 ŋiaŋ33	buang55 mang21 ngiang33	半夜		时间	1300	L
	蜀*暝天光	蜀*暝天光	syo21 maŋ21 nieŋ44 ŋuoŋ44	syo21 mang21 nieng55 nguong55	通宵		时间	1300	L
	个郎工	囫圇工	kɔ44 lɔuŋ44 kɔyŋ44	go55 loung55 geoyng55	整天		时间	1300	L
	个郎晡	囫圇晡	kɔ44 lɔuŋ44 puo44	go55 loung55 buo55	整夜		时间	1300	L
	年把两*	年把兩*	nieŋ21 ma44 laŋ242	nieng21 ma55 lang242	一年多至两年		时间	1300	L
	月把日	月把日	ŋuoʔ2 pa21 niʔ5	nguok2 ba21 nik5	一个多月		时间	1300	L
	十除工	十除工	sεiʔ5 ty44 oyŋ44	seik5 dy55 eoyng55	十来天		时间	1300	L
	仂久*	仂久*	liʔ2 ku33	lik2 gu33	一会儿		时间	1300	L
	仱	仱	taŋ44	dang55	现在		时间	1300	L
	旧底	舊底	ku21 lε33	gu21 le33	以前		时间	1300	L
	往南帮	往南幫	uoŋ21 naŋ44 mɔuŋ44	uong21 nang55 moung55	以前		时间	1300	L
	往南日	往南日	uoŋ21 naŋ44 niʔ5	uong21 nang55 nik5	前几天		时间	1300	L
	头先	頭先	t‘au44 lεiŋ44	tau55 leing55	前一会儿		时间	1300	L
	拜一	拜一	puai52 eiʔ12	buai53 eik24	星期一		时间	1300	L
	年暝兜	年暝兜	nieŋ44 maŋ44 nau44	nieng55 mang55 nau55	年边		时间	1300	L
	上元	上元	syoŋ44 ŋuoŋ52	syong55 nguong53	元宵		时间	1300	L
	五月节	五月節	ŋu21 ŋuoʔ5 ts‘eiʔ12	ngu21 nguok5 ceik24	端午节		时间	1300	L
	七月半	七月半	ts‘iʔ12 ŋuoʔ5 puaŋ44	cik24 nguok5 buang55	七月半节		时间	1300	L
	八月中秋	八月中秋	pεiʔ ŋuoʔ2 tyŋ44 ʒiu44	beik nguok2 dyng55 njiu55	中秋节		时间	1300	L
	做年	做年	tsɔ44 nieŋ52	zo55 nieng53	过年		时间	1300	L
	做节	做節	tsɔ52 tsεiʔ12	zo53 zeik24	过节		时间	1300	L
	三十暝晡	三十暝晡	saŋ21 nεiʔ2 maŋ44 muo44	sang21 neik2 mang55 muo55	大年三十晚上		时间	1300	L
	初一早	初一早	ts‘œ21 iʔ12 tsia33	ceo21 ik24 zia33	大年初一		时间	1300	L
	位处	位處	ui21 ʒøy213	ui21 jeoy213	地方，位置		方位	1300	L
	悬*势	懸*勢	kεiŋ21 nie213	geing21 nie213	上面		方位	1300	L
	悬*顶	懸*頂	kε21 lεiŋ33	ge21 leing33	上面		方位	1300	L
	下底	下底	a21 lε33	a21 le33	下面		方位	1300	L
	里*势	里*勢	tie44 lie213	die55 lie213	里面		方位	1300	L
	外*斗*	外*鬥*	ŋie21 lau33	ngie21 lau33	外面		方位	1300	L
	边斗*	邊鬥*	pieŋ52 nau33	bieng53 nau33	旁边		方位	1300	L
	四势	四勢	si52 sie213	si53 sie213	到处		方位	1300	R
	七处	七處	ts‘iʔ5 ts‘øy213	cik5 ceoy213	到处		方位	1300	R
	台中*	台中*	tai44 lɔuŋ44	dai55 loung55	中间		方位	1300	R
	台中*中*	台中*中*	tai21 lou44 nouŋ44	dai21 lou55 noung55	中间		方位	1300	R
	地兜	地兜	tie44 lau44	die55 lau55	地面		方位	1300	R
	桌面	桌面	tɔ52 meiŋ213	do53 meing213	桌上		方位	1300	R
	门楼口*	門樓口*	muoŋ21 lau21 k‘au33	muong21 lau21 kau33	门口		方位	1300	R
	门后角	門後角	muoŋ21 ŋau21 oyʔ12	muong21 ngau21 oyk24	门后		方位	1300	R
	后*斗*	後*斗*	a21 lau33	a21 lau33	后面		方位	1300	R
	尾斗*	尾斗*	mui24 lau33	mui24 lau33	后面		方位	1300	R
	尾后*	尾後*	mui44 au242	mui55 au242	背后		方位	1300	R
	角角	角角	koyʔ12 koyʔ12	goyk24 goyk24	角落		方位	1300	R
	面*前*	面*前*	miŋ44 nεiŋ52	ming55 neing53	前面		方位	1300	R
	面*头*前*	面*頭*前*	miŋ44 nau44 lεiŋ52	ming55 nau55 leing53	前面		方位	1300	R
	厝	厝	ts‘uo213	cuo213	房屋		房舍	1300	R
	厝瓦顶	厝瓦頂	ts‘uo44 ŋua21 liŋ33	cuo55 ngua21 ling33	屋顶		房舍	1300	R
	檐墘头*	檐墘頭*	siŋ21 ŋieŋ21 nau53	sing21 ngieng21 nau53	屋檐		房舍	1300	R
	桁	桁	aŋ52	ang53	檩(屋顶上托住椽子的横木)		房舍	1300	R
	椽	椽	t‘uoŋ52	tuong53	椽子		房舍	1300	R
	廊柱*	廊柱*	lɔuŋ21 t‘iu242	loung21 tiu242	柱子		房舍	1300	R
	柱*珠	柱*珠	t‘iu44 ʒuo44	tiu55 juo55	柱下石		房舍	1300	R
	磉盘	磉盤	sɔuŋ21 muaŋ52	soung21 muang53	顶着“柱珠”的石板		房舍	1300	R
	门䧘	門䧘	muoŋ21 nεiŋ242	muong21 neing242	门槛		房舍	1300	R
	楼*顶	樓*頂	lau21 liŋ33	lau21 ling33	楼上		房舍	1300	R
	阶*座	階*座	kie23 ʒɔ242	gie23 jo242	台阶		房舍	1300	R
	房里*	房裏*	puŋ21 nie33	bung21 nie33	屋里		房舍	1300	R
	露台	露臺	lu44 lai52	lu55 lai53	凉台		房舍	1300	R
	拦牢	攔牢	laŋ21 nɔ52	lang21 no53	拦杆		房舍	1300	R
	门扇	門扇	muoŋ21 nieŋ213	muong21 nieng213	门板		房舍	1300	R
	槛门囝	檻門囝	k‘aŋ21 muoŋ52 ŋiaŋ33	kang21 muong53 ngiang33	窗户		房舍	1300	R
	灶前*	竈前*	tsau44 lεiŋ52	zau55 leing53	厨房		房舍	1300	R
	粪坑厝	糞坑厝	puŋ21 ŋaŋ52 ʒuo213	bung21 ngang53 njuo213	厕所		房舍	1300	R
	仰板	仰板	ŋyoŋ24 mεiŋ33	ngyong24 meing33	天花板		房舍	1300	R
	厅中	廳中	t‘iaŋ nɔuŋ44	tiang noung55	大厅		房舍	1300	R
	家私*	家私*	ka44 li44	ga55 li55	家具，工具		器具	1301	L
	眠床	眠床	miŋ21 ts‘ɔuŋ52	ming21 coung53	床		器具	1301	L
	籐床框	籐床框	tiŋ44 ʒɔuŋ44 k‘uoŋ44	ding55 njoung55 kuong55	床绷子		器具	1301	L
	行*铺	行*鋪	kiaŋ44 muoŋ44	giang55 muong55	临时搭起的床铺		器具	1301	L
	月桌	月桌	ŋuoʔ2 tɔʔ12	nguok2 dok24	园桌		器具	1301	L
	月椅	月椅	ŋuoʔ2 ie33	nguok2 ie33	园凳子		器具	1301	L
	椅条	椅條	ie21 leu52	ie21 leu53	条凳		器具	1301	L
	椅头*	椅頭*	ie21 lau52	ie21 lau53	凳子		器具	1301	L
	椅囝	椅囝	ie24 iaŋ33	ie24 iang33	小凳子		器具	1301	L
	裙座椅	裙座椅	kuŋ21 ʒɔ52 ie33	gung21 njo53 ie33	太师椅		器具	1301	L
	床荐	床薦	ts‘ɔuŋ21 ʒeiŋ213	coung21 njeing213	草垫		器具	1301	L
	毡	氈	tsieŋ44	zieng55	毛毯		器具	1301	L
	铺板	鋪板	p‘uo52 βεiŋ33	puo53 weing33	床板		器具	1301	L
	帐	帳	tyoŋ213	dyong213	蚊帐		器具	1301	L
	褥	褥	yʔ5	yk5	褥子		器具	1301	L
	棉被	棉被	mieŋ21 p‘ui242	mieng21 pui242	棉胎		器具	1301	L
	簏	簏	loyʔ5	loyk5	抽屉		器具	1301	L
	签甲桌	簽甲桌	ts‘ieŋ21 ŋʔ5 tɔʔ12	cieng21 ngk5 dok24	大写字台		器具	1301	L
	妆台桌	妝台桌	tsyoŋ52 nai21 lɔʔ12	zyong53 nai21 lok24	梳妆台		器具	1301	L
	鼎㪠	鼎㪠	tiaŋ44 ŋεiŋ213	diang55 ngeing213	锅盖		器具	1301	L
	鼎杼	鼎杼	tiaŋ24 t‘yo33	diang24 tyo33	锅铲		器具	1301	L
	鼎筅	鼎筅	tiaŋ24 ts‘εiŋ33	diang24 ceing33	炊帚		器具	1301	L
	铁□	鐵□	t‘ie12 ts‘ieʔ5	tie24 ciek5	铁瓢		器具	1301	L
	漏□	漏□	lau44 ts‘ieʔ5	lau55 ciek5	漏瓢		器具	1301	L
	笊篱	笊籬	tsia44 lie52	zia55 lie53	在水中捞物的用具		器具	1301	L
	水管*	水管*	tsy24 uoŋ33	zy24 uong33	舀水竹简		器具	1301	L
	饭□	飯□	puɔŋ21 ʒeiŋ213	buong21 njeing213	蒸饭具		器具	1301	L
	拔桶	拔桶	{puaʔ2 t‘oyŋ33,puaʔ12 t‘oyŋ33}	buak24 teoyng33	吊水桶		器具	1301	L
	碗缸	碗缸	uaŋ21 kɔuŋ44	uang21 goung55	大碗		器具	1301	L
	碗囝	碗囝	uaŋ24 ŋiaŋ33	uang24 ngiang33	小碗		器具	1301	L
	酒盏	酒盞	tsiu24 ʒiaŋ33	ziu24 jiang33	酒杯		器具	1301	L
	酒漀	酒漀	tsiu21 iŋ52	ziu21 ing53	斟酒酒壶		器具	1301	L
	茶婆	茶婆	ta21 βɔ52	da21 wo53	茶壶		器具	1301	L
	茶桌	茶桌	ta21 lɔʔ12	da21 lok24	茶几		器具	1301	L
	开水壶	開水壺	k‘aiʔ21 ʒy21 u52	kaik21 jy21 u53	热水壶		器具	1301	L
	罗盆	羅盆	lɔ21 βuoŋ52	lo21 wuong53	脸盆儿		器具	1301	L
	面*布	面*布	miŋ52 muo213	ming53 muo213	洗脸巾		器具	1301	R
	牙齿罐	牙齒罐	ŋa21 i44 uaŋ213	nga21 i55 uang213	牙杯		器具	1301	R
	骹布	骹布	k‘a52 βuo213	ka53 wuo213	擦脚布		器具	1301	R
	骹桶	骹桶	k‘a52 loyŋ33	ka53 leoyng33	洗衣桶		器具	1301	R
	□板	□板	haŋ21 mεiŋ33	hang21 meing33	切菜板		器具	1301	R
	碟囝	碟囝	tieʔ2 kiaŋ33	diek2 giang33	小碟子		器具	1301	R
	洋罐	洋罐	yoŋ21 ŋuaŋ213	yong21 nguang213	煤油灯		器具	1301	R
	电光	電光	tieŋ44 ŋuoŋ44	dieng55 nguong55	电灯		器具	1301	R
	手电	手電	ts‘iu44 tieŋ242	ciu55 dieng242	手电筒		器具	1301	R
	电涂	電塗	tieŋ44 t‘u52	dieng55 tu53	电池		器具	1301	R
	不求人	不求人	puʔ12 kiu21 iŋ52	buk24 giu21 ing53	竹制抓痒具		器具	1301	R
	纸媒	紙媒	tsai21 mui52	zai21 mui53	引火用的细纸卷		器具	1301	R
	洋火*	洋火*	yoŋ21 ŋui33	yong21 ngui33	火柴		器具	1301	R
	薰筒	薰筒	hɔuŋ44 noyŋ52	houng55 neoyng53	水烟筒		器具	1301	R
	柴柿	柴柿	ts‘ia21 p‘ui213	cia21 pui213	木屑		器具	1301	R
	火*管*	火*管*	hui24 uoŋ33	hui24 uong33	吹火筒		器具	1301	R
	甏	甏	p‘aŋ44	pang55	大口缸		器具	1301	R
	瓮	甕	oyŋ213	ooyng213	小口缸		器具	1301	R
	硋鉢	硋鉢	hai21 βuaʔ12	hai21 wuak24	鉢头		器具	1301	R
	瓶瓶	瓶瓶	piŋ21 piŋ52	bing21 bing53	小瓶子		器具	1301	R
	罐罐	罐罐	kuaŋ21 kuaŋ213	guang21 guang213	小罐子		器具	1301	R
	筅帚	筅帚	ts‘εiŋ24 ʒiu33	ceing24 njiu33	扫帚		器具	1301	R
	挂橱	掛櫥	kua44 liu52	gua55 liu53	菜橱		器具	1301	R
	猴*桶	猴*桶	kau21 loyŋ33	gau21 leoyng33	提水用小水桶		器具	1301	R
	头*梳	頭*梳	t‘au44 lœ44	tau55 leo55	梳子		器具	1301	R
	篦梳	篦梳	pi44 lœ44	bi55 leo55	篦子		器具	1301	R
	便妆	便妝	pieŋ44 ʒɔuŋ44	bieng55 njoung55	梳妆盒		器具	1301	R
	衣裳车	衣裳車	i44 lyoŋ44 ʒia44	i55 lyong55 njia55	缝纫机		器具	1301	R
	铰刀	鉸刀	ka44 lɔ44	ga55 lo55	剪刀		器具	1301	R
	竹𥮕	竹𥮕	tyʔ5 ɔuŋ242	dyk5 oung242	晒衣竹竿		器具	1301	R
	骹踏车	骹踏車	k‘a21 laʔ5 ts‘ia44	ka21 lak5 cia55	自行车		器具	1301	R
	风抽	風抽	huŋ44 t‘iu44	hung55 tiu55	打气简		器具	1301	R
	竹床	竹床	tyʔ12 ts‘ɔuŋ52	dyk24 coung53	竹床		器具	1301	R
	竹席	竹席	tyʔ12 ts‘yoʔ5	dyk24 cyok5	竹席子		器具	1301	R
	鼎	鼎	tiaŋ33	diang33	铁锅		器具	1301	R
	灶刀	竈刀	tsau44 lɔ44	zau55 lo55	切菜刀		器具	1301	R
	文明杖	文明杖	uŋ21 miŋ21 t‘yoŋ242	ung21 ming21 tyong242	手杖		器具	1301	R
	痰盆	痰盆	t‘aŋ21 puoŋ52	tang21 buong53	痰盂		器具	1302	L
	头*牲*	頭*牲*	t‘au4 laŋ44	tau4 lang55	牲畜		动物	1302	L
	牛*港	牛*港	ŋu21 koyŋ33	ngu21 geoyng33	公牛		动物	1302	L
	牛*母*	牛*母*	ŋu21 mɔ33	ngu21 mo33	母牛		动物	1302	L
	猪射	豬射	ty52 lia242	dy53 lia242	公猪		动物	1302	L
	猪豚	豬豚	ty44 lɔuŋ52	dy55 loung53	中猪		动物	1302	L
	猪囝	豬囝	ty52 iaŋ33	dy53 iang33	小猪		动物	1302	L
	菜猪	菜豬	ts‘ai44 ly44	cai55 ly55	肉猪		动物	1302	L
	羊	羊	yoŋ52	yong53	羊		动物	1302	L
	猫□	貓□	ma21 nei213	ma21 nei213	猫		动物	1302	L
	鸡角	雞角	kie52 oyʔ12	gie53 oyk24	公鸡		动物	1302	L
	鸭雄	鴨雄	aʔ12 hyŋ52	ak24 hyng53	公鸭		动物	1302	L
	水鸡	水雞	tsy21 ie44	zy21 ie55	田蛙		动物	1302	L
	蛒	蛒	kuoʔ5 toyŋ213	guok5 dooyng213	山坑蛙		动物	1302	L
	青鸭	青鴨	ts‘iaŋ52 ŋaʔ12	ciang53 ngak24	青蛙		动物	1302	L
	黄蜱	黃蜱	uoŋ21 p‘ε52	uong21 pe53	小青蛙		动物	1302	L
	黄蜱□	黃蜱□	uoŋ21 mε21 lui242	uong21 me21 lui242	蝌蚪		动物	1302	L
	老*虎	老*虎	la21 u33	la21 u33	老虎		动物	1302	L
	老*蛇	老*蛇	lau44 lie52	lau55 lie53	蛇		动物	1302	L
	拉狸	拉貍	la21 li33	la21 li33	穿山甲		动物	1302	L
	猴囝	猴囝	kau21 iaŋ33	gau21 iang33	猴子		动物	1302	L
	豹囝	豹囝	pau52 iaŋ33	bau53 iang33	豹子		动物	1302	L
	溪滑*	溪滑*	k‘ε44 kɔuʔ5	ke55 gouk5	淡水大鳗鱼		动物	1302	L
	□□	□□	a21 ʒi52	a21 ji53	蝉		动物	1302	L
	蚕囝	蠶囝	ts‘εiŋ21 ŋiaŋ33	ceing21 ngiang33	蚕		动物	1302	L
	南尾星	南尾星	naŋ21 mui21 liŋ44	nang21 mui21 ling55	萤火虫		动物	1302	L
	□蝶	□蝶	pu44 lieʔ5	bu55 liek5	蝴蝶		动物	1302	L
	麻胡	麻胡	ma21 u52	ma21 u53	蜻{蜒,蜓}		动物	1302	L
	风蚊	風蚊	huŋ44 muoŋ52	hung55 muong53	蚊子		动物	1302	L
	菩蝇	菩蠅	pu21 liŋ52	bu21 ling53	苍蝇		动物	1302	L
	猫头爷	貓頭爺	ma44 lau44 ie52	ma55 lau55 ie53	蜘蛛		动物	1302	L
	蜢囝	蜢囝	moyŋ24 ŋiaŋ33	meoyng24 ngiang33	小黑虫		动物	1302	L
	虼蚤	虼蚤	ka24 ʒau33	ga24 jau33	跳蚤		动物	1302	L
	虱母*	虱母*	seiʔ mo33	seik mo33	虱子		动物	1302	L
	猴蚓	猴蚓	kau21 ɔuŋ33	gau21 oung33	蚯蚓		动物	1302	L
	目虱	目虱	meiʔ2 sεiʔ12	meik2 seik24	臭虫		动物	1302	R
	⿰粜蚤母	𧏫母	saʔ12 mo33	sak24 mo33	蟑螂		动物	1302	R
	仁蚣	仁蚣	iŋ44 ŋøyŋ44	ing55 ngeoyng55	蜈蚣		动物	1302	R
	黄蚁	黃蟻	uog21 ŋie242	uog21 ngie242	蚂蚁		动物	1302	R
	白蚁	白蟻	pa21 ŋie242	ba21 ngie242	白蚂蚁		动物	1302	R
	家隻	家隻	ka52 tsieʔ12	ga53 ziek24	麻雀		动物	1302	R
	白鸽	白鴿	pa21 aʔ12	ba21 ak24	白鸽		动物	1302	R
	老𪺾	老𪺾	lo21 ŋε52	lo21 nge53	老鹰		动物	1302	R
	燕囝	燕囝	ieŋ52 ŋiaŋ33	ieng53 ngiang33	燕子		动物	1302	R
	客鹊	客鵲	k‘a52 ʒyoʔ12	ka53 jyok24	喜鹊		动物	1302	R
	□化	□化	ka21 ua213	ga21 ua213	八哥		动物	1302	R
	猫*王鸟*	貓*王鳥*	ma21 uoŋ21 ʒeu33	ma21 uong21 njeu33	猫头鹰		动物	1302	R
	乌鸦	烏鴉	u44 a44	u55 a55	乌鸦		动物	1302	R
	𫊻	蟳	siŋ52	sing53	青蟹		动物	1302	R
	蠘	蠘	ts‘ieʔ5	ciek5	梭子蟹		动物	1302	R
	黄瓜鱼	黃瓜魚	uoŋ21 ŋua44 ŋy52	uong21 ngua55 ngy53	黄花鱼		动物	1302	R
	虾米	蝦米	ha21 mi33	ha21 mi33	虾皮		动物	1302	R
	蟟囝	蟟囝	liu21 iaŋ33	liu21 iang33	蚬子		动物	1302	R
	马骹	馬骹	ma21 k‘a44	ma21 ka55	马鲛鱼		动物	1302	R
	䖳	䖳	t‘a213	ta213	海蜇皮		动物	1302	R
	鳜鱼	鱖魚	kui44 ŋy52	gui55 ngy53	鳜鱼		动物	1302	R
	冬鸡	冬雞	toyŋ44 ŋie44	deoyng55 ngie55	大墨鱼		动物	1302	R
	虎𫊻	虎𫊻	hu21 liŋ52	hu21 ling53	蟹类的一种		动物	1302	R
	青鳌	青鰲	ts‘iaŋ44 ŋɔ52	ciang55 ngo53	海蚌		动物	1302	R
	虾菇	蝦菇	ha44 u44	ha55 u55	一种贝壳类海产		动物	1302	R
	车利	車利	ts‘ia21 lei213	cia21 lei213	海蚯蚓		动物	1302	R
	鲎	鱟	hau213	hau213	鲎		动物	1302	R
	鳖	鱉	pieʔ12	biek24	甲鱼		动物	1302	R
	龟	龜	kui44	gui55	龟		动物	1302	R
	蛏	蟶	t‘εiŋ44	teing55	蛏		动物	1302	R
	鲄囝	鲄囝	k‘ɔ52 iaŋ33	ko53 iang33	小鱼干		动物	1302	R
	鱼鲞	魚鯗	ŋy21 lyoŋ33	ngy21 lyong33	剖开晾干的鱼		动物	1302	R
	跳鱼	跳魚	t‘iu44 ŋy52	tiu55 ngy53	鲦鱼		动物	1302	R
	八蛎*	八蠣*	pεiʔ5 tie242	beik5 die242	牡蛎		动物	1302	R
	鳝	鱔	ts‘iaŋ242	ciang242	鱔鱼		动物	1302	R
	鱿鱼	魷魚	iu21 ŋy52	iu21 ngy53	鱿鱼		动物	1302	R
	蚶	蚶	haŋ44	hang55	蚶		动物	1302	R
	章鱼	章魚	tsyoŋ44 ŋy52	zyong55 ngy53	章鱼		动物	1303	L
	籼	秈	tiu242	diu242	稻子		植物	1303	L
	粟*	粟*	ts‘uoʔ12	cuok24	谷子		植物	1303	L
	稗	稗	p‘ε213	pe213	稗子		植物	1303	L
	秫粟*	秫粟*	suʔ2 ts‘uoʔ12	suk2 cuok24	糯谷		植物	1303	L
	𬖞米	𬖞米	si21 mi33	si21 mi33	粳米		植物	1303	L
	番薯	番薯	huaŋ44 ny52	huang55 ny53	红薯		植物	1303	L
	番囝薯	番囝薯	huaŋ21 ŋiaŋ21 ny52	huang21 ngiang21 ny53	马铃薯		植物	1303	L
	番柿	番柿	huaŋ52 k‘ei242	huang53 kei242	西红柿		植物	1303	L
	芋卵	芋卵	uo21 lɔuŋ242	uo21 loung242	芋头		植物	1303	L
	姜母	姜母	kyoŋ52 mɔ33	gyong53 mo33	母姜		植物	1303	L
	鼎𰱗	鼎𰱗	tiaŋ44 ʒœ213	diang55 njeo213	丝瓜		植物	1303	L
	□	□	pu52	bu53	葫芦瓜		植物	1303	L
	金瓜	金瓜	kiŋ44 ŋua44	ging55 ngua55	南瓜		植物	1303	L
	萝卜	蘿蔔	la44 βuʔ5	la55 wuk5	萝卜		植物	1303	L
	蕹菜	蕹菜	uŋ52 ʒai213	ung53 njai213	空心菜		植物	1303	L
	茭笋	茭筍	ka52 luŋ33	ga53 lung33	茭笋		植物	1303	L
	番椒	番椒	huaŋ44 ʒiu44	huang55 njiu55	辣椒		植物	1303	L
	芥菜	芥菜	kua52 ʒai213	gua53 jai213	芥菜		植物	1303	L
	薸	薸	p‘iu52	piu53	浮萍		植物	1303	L
	包菜	包菜	pau52 ʒai213	bau53 jai213	洋白菜		植物	1303	L
	紫菜	紫菜	tsie44 ʒai213	zie55 jai213	茄子		植物	1303	L
	莓梨	尾梨	mui21 li52	mui21 li53	荸荠		植物	1303	L
	龙眼	龍眼	lɔuŋ21 ŋεiŋ33	loung21 ngeing33	龙眼		植物	1303	L
	荔枝	荔枝	lie44 ʒie44	lie55 jie55	荔枝		植物	1303	L
	芭蕉	芭蕉	pa44 ʒiu44	ba55 jiu55	香蕉		植物	1303	L
	□	□	p‘au44	pau55	柚子		植物	1303	L
	□红	□紅	ts‘uo21 uŋ52	cuo21 ung53	杨梅		植物	1303	L
	番石榴	番石榴	huaŋ21 nyo44 liu52	huang21 nyo55 liu53	番石榴		植物	1303	L
	黄郑	黃鄭	uoŋ21 naŋ242	uong21 nang242	黄皮果		植物	1303	L
	栗子	栗子	liʔ2 tsi33	lik2 zi33	栗子		植物	1303	L
	杉树*	杉樹*	saŋ52 ʒiu213	sang53 njiu213	杉树		植物	1303	L
	梧桐	梧桐	ŋu21 luŋ52	ngu21 lung53	梧桐		植物	1303	L
	松柏	松柏	syŋ21 maʔ12	syng21 mak24	松树		植物	1303	L
	麻竹	麻竹	ma21 løyʔ12	ma21 leoyk24	毛竹		植物	1303	L
	树*箬	樹*箬	ts‘iu44 nyoʔ5	ciu55 nyok5	树叶		植物	1303	R
	树*桠	樹*椏	ts‘iu44 ŋε44	ciu55 nge55	树枝		植物	1303	R
	栽树*	栽樹*	tsai52 ts‘iu213	zai53 ciu213	种树		植物	1303	R
	菜栽	菜栽	ts‘ai44 ʒai44	cai55 jai55	菜苗		植物	1303	R
	树*栽	樹*栽	ts‘iu44 ʒai44	ciu55 jai55	树苗		植物	1303	R
	茉莉	茉莉	moyʔ2 lei242	moyk2 lei242	茉莉花		植物	1303	R
	丈夫侬	丈夫儂	tɔuŋ21 muo44 noyŋ52	doung21 muo55 neoyng53	男人		人品	1303	R
	诸娘依	諸娘依	tsy44 nyoŋ44 noyŋ52	zy55 nyong55 neoyng53	女人		人品	1303	R
	老*侬	老*儂	lau44 noyŋ52	lau55 neoyng53	老人		人品	1303	R
	老*货	老*貨	lau21 huo213	lau21 huo213	老人(贬)		人品	1303	R
	丈*夫*侬老*	丈*夫*儂老*	tɔuŋ21 muo44 noyŋ21 lau242	doung21 muo55 neoyng21 lau242	老男人		人品	1303	R
	诸娘老*	諸娘老*	tsy52 nyoŋ21 lau242	zy53 nyong21 lau242	老女人		人品	1303	R
	单身哥	單身哥	tan21 niŋ44 ŋɔ44	dan21 ning55 ngo55	单身汉		人品	1303	R
	守妈	守媽	tsiu24 ma33	ziu24 ma33	寡妇		人品	1303	R
	悬*哥	懸*哥	kεiŋ44 ŋɔ44	geing55 ngo55	高个子		人品	1303	R
	矮囝	矮囝	ε24 iaŋ33	e24 iang33	矮个子		人品	1303	R
	汉码大	漢碼大	haŋ21 ma44 tuai242	hang21 ma55 duai242	大个子		人品	1303	R
	隔壁*厝	隔壁*厝	ka21 βia52 ʒuo213	ga21 wia53 juo213	邻居		人品	1303	R
	厝边	厝邊	ts‘uo44 βieŋ44	cuo55 wieng55	邻居		人品	1303	R
	丈*夫*囝	丈*夫*囝	tɔuŋ21 muo52 iaŋ33	doung21 muo53 iang33	男孩子		人品	1303	R
	诸娘囝	諸娘囝	tsy52 noyŋ44 ŋiaŋ33	zy53 neoyng55 ngiang33	女孩子		人品	1303	R
	伲囝哥	伲囝哥	nie21 iaŋ21 ŋɔ44	nie21 iang21 ngo55	小孩子		人品	1303	R
	新妇囝	新婦囝	siŋ21 mu52 iaŋ33	sing21 mu53 iang33	童养媳		人品	1303	R
	{厝脊,□厝脊}	硩厝脊	ta21 ʒuo52 ʒeiʔ12	{da21 juo53 jeik24,dah21 juo53 jeik24}	老处女		人品	1303	R
	谊女	誼女	ŋie21 ny33	ngie21 ny33	婢女		人品	1303	R
	谊囝	誼囝	ŋie21 iaŋ33	ngie21 iang33	干儿子		人品	1303	R
	白面	白面	pa21 meiŋ213	ba21 meing213	妓女		人品	1303	R
	歹*囝	歹*囝	p‘ai24 iaŋ33	pai24 iang33	流氓		人品	1303	R
	呆*囝	呆*囝	ŋai21 iaŋ33	ngai21 iang33	学坏的人		人品	1303	R
	好囝	好囝	hɔ24 iaŋ33	ho24 iang33	学好的人		人品	1303	R
	𪴯囝	歞囝	ŋɔuŋ21 ŋiaŋ33	ngoung21 ngiang33	傻子		人品	1303	R
	两*个声	兩*個聲	laŋ21 ŋa21 liaŋ44	lang21 nga21 liang55	不会讲本地话的人		人品	1303	R
	掌盘使	掌盤使	tsyoŋ44 muaŋ21 nai213	zyong55 muang21 nai213	掌柜的		人品	1303	R
	长年	長年	tɔuŋ21 nieŋ52	doung21 nieng53	长工		人品	1303	R
	煮*食*	煮*食*	tsy21 lieʔ5	zy21 liek5	煮饭婆		人品	1303	R
	宝□奶	寶□奶	pɔ21 u24 nε33	bo21 u24 ne33	接生婆		人品	1304	L
	铜子	銅子	toyŋ21 ʒi33	deoyng21 nji33	神汉		人品	1304	L
	□□妈	□□媽	le21 ʒi24 ma33	le21 ji24 ma33	招魂女人		人品	1304	L
	厨司付	廚司付	tuo21 la52 ou242	duo21 la53 ou242	厨师		人品	1304	L
	赌博鬼	賭博鬼	tu21 βouʔ5 kui33	du21 wouk5 gui33	惯赌		人品	1304	L
	甲哥	甲哥	kaʔ12 kɔ44	gak24 go55	搬运工		人品	1304	L
	和头	和頭	huo21 lau52	huo21 lau53	和事老		人品	1304	L
	新新妇	新新婦	siŋ21 niŋ52 mou242	sing21 ning53 mou242	新娘		人品	1304	L
	新郎使	新郎婿	siŋ52 nɔuŋ21 nai213	sing53 noung21 nai213	新郎		人品	1304	L
	乞食*	乞食*	k‘yʔ21 sieʔ5	kyk21 siek5	乞丐		人品	1304	L
	大公	大公	tuai44 uŋ44	duai55 ung55	曾祖父		人品	1304	L
	大妈	大媽	tuai21 ma33	duai21 ma33	曾祖母		人品	1304	L
	依公	依公	i44 kuŋ44	i55 gung55	祖父		人品	1304	L
	依妈	依媽	i52 ma33	i53 ma33	祖母		人品	1304	L
	伯公	伯公	pa44 uŋ4	ba55 ung4	伯祖父		人品	1304	L
	姆妈	姆媽	mu24 ma33	mu24 ma33	伯祖母		人品	1304	L
	叔公	叔公	tsyʔ12 kuŋ44	zyk24 gung55	叔祖父		人品	1304	L
	婶妈	嬸媽	siŋ24 ma33	sing24 ma33	叔祖母		人品	1304	L
	郎爸	郎爸	nɔuŋ21 ma242	noung21 ma242	父親		人品	1304	L
	依爹	依爹	i44 tia44	i55 dia55	父親		人品	1304	L
	娘奶	娘奶	nɔuŋ21 nε33	noung21 ne33	母親		人品	1304	L
	依奶	依奶	i52 nε33	i53 ne33	母親		人品	1304	L
	依伯	依伯	i52 paʔ12	i53 bak24	伯父		人品	1304	L
	依母	依母	i52 mu33	i53 mu33	伯母		人品	1304	L
	依家	依家	i44 ka44	i55 ga55	叔叔		人品	1304	L
	家婶	家嬸	ka52 liŋ33	ga53 ling33	婶子		人品	1304	L
	外*公	外*公	ŋie44 uŋ44	ngie55 ung55	外祖父		人品	1304	L
	外*妈	外*媽	ŋie21 ma33	ngie21 ma33	外祖母		人品	1304	L
	依舅	依舅	i52 kiu242	i53 giu242	舅父		人品	1304	L
	依妗	依妗	i52 keiŋ242	i53 geing242	舅母		人品	1304	L
	姨姨	姨姨	i21 i52	i21 i53	姨母		人品	1304	L
	姨丈	姨丈	i21 lyoŋ242	i21 lyong242	姨丈		人品	1304	L
	姑妈	姑媽	ku44 ma44	gu55 ma55	姑母		人品	1304	L
	姑丈	姑丈	ku52 lyoŋ242	gu53 lyong242	姑丈		人品	1304	L
	依姐	依姐	i52 tsia33	i53 zia33	姐姐		人品	1304	L
	姐夫	姐夫	tsia21 u44	zia21 u55	姐夫		人品	1304	L
	依妹	依妹	i52 mui213	i53 mui213	妹妹		人品	1304	R
	妹夫	妹夫	mui44 u44	mui55 u55	妹夫		人品	1304	R
	依哥	依哥	i44 kɔ44	i55 go55	哥哥		人品	1304	R
	依嫂	依嫂	i52 sɔ33	i53 so33	嫂子		人品	1304	R
	依弟	依弟	i52 tie242	i53 die242	弟弟		人品	1304	R
	{弟*人*,弟*人}	弟*人	tie44 iŋ52	die55 ing53	弟媳		人品	1304	R
	爹官	爹官	tε44 uaŋ44	de55 uang55	公公		人品	1304	R
	爹家	爹家	tε44 a44	de55 a55	婆婆		人品	1304	R
	囝	囝	kiaŋ33	giang33	儿子		人品	1304	R
	新妇	新婦	siŋ52 mou242	sing53 mou242	儿媳		人品	1304	R
	孙	孫	sɔuŋ44	soung55	孙子，姪儿		人品	1304	R
	外*甥	外*甥	ŋie44 lεiŋ44	ngie55 leing55	外甥		人品	1304	R
	外*孙	外*孫	ŋie44 lɔuŋ44	ngie55 loung55	外孙		人品	1304	R
	孙孙囝	孫孫囝	sɔuŋ21 nɔuŋ52 ŋiaŋ33	soung21 noung53 ngiang33	曾孙		人品	1304	R
	丈侬	丈儂	tyoŋ21 noyŋ52	dyong21 neoyng53	岳父		人品	1304	R
	丈奶	丈奶	tyoŋ24 nε33	dyong24 ne33	岳母		人品	1304	R
	叔婶伯罕	叔嬸伯罕	tsyʔ12 siŋ21 pa52 aŋ33	zyk24 sing21 ba53 ang33	妯娌		人品	1304	R
	兄弟哥	兄弟哥	hiaŋ21 nie44 ɔ44	hiang21 nie55 o55	弟兄		人品	1304	R
	姐妹	姐妹	tsia44 mui213	zia55 mui213	姐妹		人品	1304	R
	郎爸囝	郎爸囝	nɔuŋ21 ma52 iaŋ33	noung21 ma53 iang33	父子		人品	1304	R
	娘奶囝	娘奶囝	nyoŋ21 nε24 iaŋ33	nyong21 ne24 iang33	母子		人品	1304	R
	老*公妈	老*公媽	la21 uŋ52 ma33	la21 ung53 ma33	夫妻		人品	1304	R
	食*早*	食*早*	sieʔ2 tsia33	siek2 zia33	吃早饭		饮食	1304	R
	食*昼*	食*晝*	sieʔ2 tau213	siek2 dau213	吃午饭		饮食	1304	R
	食*暝	食*暝	sieʔ2 maŋ52	siek2 mang53	吃晚饭		饮食	1304	R
	糜粥	糜粥	mui21 ʒøyʔ12	mui21 jeoyk24	稀饭		饮食	1304	R
	燋饭*	燋飯*	ta52 βuoŋ242	da53 wuong242	干饭		饮食	1304	R
	漉饭*	漉飯*	lɔyʔ2 puoŋ242	loyk2 buong242	捞饭		饮食	1304	R
	凊饭*	凊飯*	ts‘iŋ52 muoŋ242	cing53 muong242	冷饭		饮食	1304	R
	𣗬饭*	𣗬飯*	k‘iu52 βuoŋ242	kiu53 wuong242	硬饭		饮食	1304	R
	碎食*	碎食*	ts‘oy44 lieʔ5	coy55 liek5	零食		饮食	1304	R
	熻饭*	熻飯*	hiʔ5 puog242	hik5 buog242	焖饭		饮食	1304	R
	焖饭	燜飯	muŋ21 puoŋ242	mung21 buong242	焖饭		饮食	1304	R
	乇配	乇配	nɔ52 ui213	no53 ui213	下饭菜		饮食	1304	R
	白𬖞	白𬖞	pa44 li52	ba55 li53	白粿		饮食	1304	R
	糖粿	糖粿	t‘ɔuŋ21 ŋui33	toung21 ngui33	甜糕		饮食	1305	L
	扁肉	扁肉	pieŋ21 nyʔ5	bieng21 nyk5	馄饨		饮食	1305	L
	蹄库	蹄庫	tε21 k‘ou213	de21 kou213	猪蹄膀上的肉		饮食	1305	L
	下水	下水	a21 ʒy33	a21 jy33	鸡鸭内𦛊		饮食	1305	L
	切面	切面	ts‘ieʔ5 mieŋ242	ciek5 mieng242	切面		饮食	1305	L
	春饼	春餅	ts‘uŋ52 miaŋ33	cung53 miang33	春卷		饮食	1305	L
	燕皮	燕皮	ieŋ44 p‘ui52	ieng55 pui53	瘦肉制的馄饨皮		饮食	1305	L
	肥肉	肥肉	pui44 nyʔ5	bui55 nyk5	肥肉		饮食	1305	L
	㾪肉	㾪肉	sεiŋ21 nyʔ5	seing21 nyk5	瘦肉		饮食	1305	L
	□老	□老	muaŋ44 lɔ33	muang55 lo33	猪舌		饮食	1305	L
	猪骹	豬骹	ty44 k‘a44	dy55 ka55	猪脚		饮食	1305	L
	猪骹爪	豬骹爪	ty21 a52 ʒau33	dy21 a53 jau33	猪脚的前半部		饮食	1305	L
	骹柄	骹柄	k‘a52 βaŋ213	ka53 wang213	猪脚的后半部		饮食	1305	L
	肉绒	肉絨	nyʔ5 yŋ52	nyk5 yng53	肉松		饮食	1305	L
	鱼丸	魚丸	ŋy21 uoŋ52	ngy21 uong53	鱼丸		饮食	1305	L
	鱼面	魚面	ŋy21 mieŋ242	ngy21 mieng242	鱼面		饮食	1305	L
	线面	線面	siaŋ52 mieŋ242	siang53 mieng242	线面		饮食	1305	L
	豆腐	豆腐	ta21 ou242	da21 ou242	豆腐		饮食	1305	L
	皮卵	皮卵	p‘ui21 lɔuŋ242	pui21 loung242	松花蛋		饮食	1305	L
	腹*里*	腹*裏*	puʔ12 tie33	buk24 die33	动物内𦛊		饮食	1305	L
	煠卵*	煠卵*	saʔ2 lɔuŋ242	sak2 loung242	清水煮蛋		饮食	1305	L
	豉油	豉油	sie44 iu52	sie55 iu53	酱油		饮食	1305	L
	文饼	文餅	uŋ21 miaŋ33	ung21 miang33	油炸的面粉条		饮食	1305	L
	卵包	卵包	lɔuŋ44 mau44	loung55 mau55	荷包蛋		饮食	1305	L
	冰箸	冰箸	pin52 tøy242	bin53 deoy242	冰棒		饮食	1305	L
	漀茶	漀茶	k‘iŋ21 ta52	king21 da53	倒茶		饮食	1305	L
	食*茶	食*茶	sieʔ2 ta52	siek2 da53	喝茶		饮食	1305	L
	食*薰	食*薰	sieʔ5 hɔuŋ44	siek5 houng55	抽烟		饮食	1305	L
	食*酒	食*酒	sieʔ2 tsiu33	siek2 ziu33	喝酒		饮食	1305	L
	食*饭*	食*飯*	sieʔ puoŋ242	siek buong242	吃饭		饮食	1305	L
	豆干	豆幹	tau44 uaŋ44	dau55 uang55	硬些的豆腐		饮食	1305	L
	香干	香幹	hyoŋ44 ŋaŋ44	hyong55 ngang55	𰛮豆腐干		饮食	1305	L
	爬起	爬起	pa52 k‘i33	ba53 ki33	起来		起居	1305	L
	洗面	洗面	sε44 meiŋ213	se55 meing213	洗脸		起居	1305	L
	洗汤	洗湯	sε21 lɔuŋ44	se21 loung55	洗澡		起居	1305	L
	洗牙齿	洗牙齒	sε44 ŋa21 i33	se55 nga21 i33	刷牙		起居	1305	R
	澉身	澉身	kaŋ21 niŋ44	gang21 ning55	擦身		起居	1305	R
	泡茶	泡茶	p‘au44 ta52	pau55 da53	沏茶		起居	1305	R
	颂衣裳	頌衣裳	sy21 i44 lyoŋ52	sy21 i55 lyong53	穿衣服		起居	1305	R
	褪衣裳	褪衣裳	t‘ɔug21 i44 lyoŋ52	toug21 i55 lyong53	脱衣服		起居	1305	R
	行*𰉣	行*路	kiaŋ21 tuo242	giang21 duo242	走路		起居	1305	R
	客蹓	客佻	k‘a44 liu52	ka55 liu53	玩耍		起居	1305	R
	去*街	去*街	k‘ɔ44 kε44	ko55 ge55	上街		起居	1305	R
	去*斋	去*齋	k‘ɔ44 ʒe44	ko55 je55	上学		起居	1305	R
	睶	睶	ts‘uŋ33	cung33	打瞌睡		起居	1305	R
	转厝	轉厝	tuoŋ44 ts‘uo213	duong55 cuo213	回家		起居	1305	R
	做侬客*	做儂客*	tsɔ44 noyŋ21 ŋaʔ12	zo55 neoyng21 ngak24	做客		起居	1305	R
	剃头	剃頭	t‘ie44 lau52	tie55 lau53	理发		起居	1305	R
	睏昼	睏晝	k‘ɔuŋ52 nau213	koung53 nau213	午睡		起居	1305	R
	狂眠	狂眠	kuoŋ21 miŋ52	guong21 ming53	讲梦话		起居	1305	R
	腹*老空*	腹*老空*	puʔ12 lɔ52 k‘oyŋ44	buk24 lo53 keoyng55	肚子饿		起居	1305	R
	扫厝	掃厝	sau52 ʒuo213	sau53 juo213	扫地		起居	1305	R
	好睏	好睏	hɔ44 ɔuŋ213	ho55 oung213	好睡		起居	1305	R
	睏𫧃着	睏儥著	k‘ɔuŋ213 mε44 lyoʔ5	koung213 me55 lyok5	睡不着		起居	1305	R
	毛眠睏	無眠睏	mɔ21 miŋ21 ŋɔuŋ213	mo21 ming21 ngoung213	睡不着		起居	1305	R
	清醒*	清醒*	ts‘iŋ52 ʒiaŋ33	cing53 njiang33	睡醒		起居	1305	R
	门头	門頭	muoŋ21 nau52	muong21 nau53	送礼		起居	1305	R
	熬暝	熬暝	ŋɔ21 ma52	ngo21 ma53	熬夜		起居	1305	R
	拉尿	拉尿	na21 niu242	na21 niu242	拉尿		起居	1305	R
	拉屎	拉屎	na21 sai33	na21 sai33	拉屎		起居	1305	R
	摒粪倒	摒糞倒	piaŋ21 puŋ52 nɔ213	biang21 bung53 no213	倒垃圾		起居	1305	R
	衣裳	衣裳	i44 lyoŋ52	i55 lyong53	衣服，上衣		服饰	1305	R
	衣裳衫颂	衣裳衫頌	i21 lyoŋ21 naŋ52 nøyŋ242	i21 lyong21 nang53 neoyng242	衣衫		服饰	1305	R
	裤	褲	k‘ou213	kou213	裤子		服饰	1305	R
	裤郎囝	褲郎囝	k‘u52 lɔuŋ21 ŋiaŋ33	ku53 loung21 ngiang33	短裤		服饰	1305	R
	半长裤	半長褲	puaŋ44 nɔuŋ21 ŋou213	buang55 noung21 ngou213	短裤		服饰	1305	R
	放*斗裤	放*鬥褲	puŋ21 nau44 ou213	bung21 nau55 ou213	开裆裤		服饰	1305	R
	颂睏裤	頌睏褲	syŋ21 ŋouŋ52 ŋou213	syng21 ngoung53 ngou213	睡裤		服饰	1305	R
	裙	裙	kuŋ52	gung53	裙子		服饰	1305	R
	背心	背心	pui44 liŋ44	bui55 ling55	背心		服饰	1305	R
	汗𧜛	汗𧜛	kaŋ21 lɔuŋ33	gang21 loung33	汗衣		服饰	1306	L
	羊毛𧜛	羊毛𧜛	yoŋ21 mɔ21 lɔuŋ33	yong21 mo21 loung33	羊毛衣		服饰	1306	L
	背褡	背褡	pui52 laʔ12	bui53 lak24	背心		服饰	1306	L
	羊毛䘥	羊毛䘥	yoŋ21 mɔ21 kaʔ12	yong21 mo21 gak24	羊毛背心		服饰	1306	L
	长衫	長衫	tɔuŋ44 naŋ44	doung55 nang55	长袍		服饰	1306	L
	鲜衣	鮮衣	ts‘ieŋ44 i44	cieng55 i55	旗袍		服饰	1306	L
	大衣	大衣	tuai44 i44	duai55 i55	大衣		服饰	1306	L
	裤头带	褲頭帶	k‘u44 lau21 lai213	ku55 lau21 lai213	裤带		服饰	1306	L
	颂睏衫	頌睏衫	syŋ21 ŋɔuŋ44 naŋ44	syng21 ngoung55 nang55	睡腰衣		服饰	1306	L
	鞋靸	鞋靸	ε21 liaʔ12	e21 liak24	拖鞋		服饰	1306	L
	鞋屐	鞋屐	ε44 k‘iaʔ5	e55 kiak5	木屐		服饰	1306	L
	鞋□屐	鞋□屐	ε21 lɔ44 k‘iaʔ5	e21 lo55 kiak5	木屐		服饰	1306	L
	□□帽	□□帽	ŋiaŋ21 ŋiaŋ52 mɔ242	ngiang21 ngiang53 mo242	有舌帽		服饰	1306	L
	碗帽	碗帽	uaŋ44 mɔ242	uang55 mo242	瓜皮帽		服饰	1306	L
	草履靸	草履靸	ts‘au21 i44 liaʔ12	cau21 i55 liak24	草编拖鞋		服饰	1306	L
	围身裙	圍身裙	ui21 liŋ44 ŋuŋ52	ui21 ling55 ngung53	围裙		服饰	1306	L
	领巾	領巾	liaŋ21 ŋyŋ44	liang21 ngyng55	围巾		服饰	1306	L
	鞋套	鞋套	ε21 t‘ɔ213	e21 to213	雨鞋		服饰	1306	L
	雨靴	雨靴	y21 uo44	y21 uo55	长统雨鞋		服饰	1306	L
	尿燥	尿燥	niu21 lɔ213	niu21 lo213	尿布		服饰	1306	L
	𪢌遮	{㘓,灠}遮	laŋ21 ʒia44	lang21 njia55	围嘴儿		服饰	1306	L
	袜	襪	uaʔ5	uak5	袜子		服饰	1306	L
	耳坠	耳墜	ŋi21 lui242	ngi21 lui242	耳坠子		服饰	1306	L
	手镯	手鐲	ts‘iu21 lɔʔ5	ciu21 lok5	手镯子		服饰	1306	L
	手指	手指	ts‘iu24 ʒi33	ciu24 ji33	戒指		服饰	1306	L
	手𦃆	手𦃆	tsiu44 lɔʔ12	ziu55 lok24	手套		服饰	1306	L
	手巾	手巾	ts‘iu21 yŋ44	ciu21 yng55	手帕		服饰	1306	L
	袄轮	襖輪	ɔ21 luŋ52	o21 lung53	套衫		服饰	1306	L
	手䘼	手䘼	ts‘iu24 uoŋ33	ciu24 uong33	袖子		服饰	1306	L
	脰领	脰領	tau21 liaŋ33	dau21 liang33	领子		服饰	1306	L
	裤斗	褲鬥	k‘u52 lau33	ku53 lau33	裤裆		服饰	1306	L
	长*䘼	長*䘼	touŋ21 ŋuoŋ33	doung21 nguong33	长袖		服饰	1306	L
	短*䘼	短*䘼	tøy24 uoŋ33	deoy24 uong33	短袖		服饰	1306	L
	头*	頭*	t‘au52	tau53	脑袋		身体	1306	L
	头*发	頭*发	t‘au21 uoʔ12	tau21 uok24	头发		身体	1306	L
	额头*	額頭*	ŋia44 lau52	ngia55 lau53	额头		身体	1306	L
	眉毛	眉毛	mi21 mɔ52	mi21 mo53	眉毛		身体	1306	R
	目*霎	目*霎	moyʔ2 sia12	moyk2 sia24	睫毛		身体	1306	R
	目*睭	目*睭	mεiʔ5 tsiu44	meik5 ziu55	眼睛		身体	1306	R
	面*𱂮	面*䫌	miŋ52 mε33	ming53 me33	脸蛋儿		身体	1306	R
	鼻	鼻	p‘ei213	pei213	鼻子		身体	1306	R
	耳*	耳*	ŋei242	ngei242	耳朵		身体	1306	R
	喙	喙	ts‘ui213	cui213	嘴		身体	1306	R
	喙皮*	喙皮*	ts‘ui44 βui52	cui55 wui53	嘴唇		身体	1306	R
	牙齿	牙齒	ŋa21 i33	nga21 i33	牙齿		身体	1306	R
	喙舌	喙舌	ts‘ui44 lieʔ5	cui55 liek5	舌头		身体	1306	R
	喙⿱髟须	喙鬚	ts‘ui44 liu44	cui55 liu55	胡须		身体	1306	R
	下颏	下頦	a44 hai52	a55 hai53	下巴		身体	1306	R
	喉咙	喉嚨	hœ21 loyŋ52	heo21 leoyng53	喉咙		身体	1306	R
	脰𦜩	脰𦜩	tau21 uoʔ12	dau21 uok24	脖子		身体	1306	R
	心肝	心肝	siŋ44 ŋaŋ44	sing55 ngang55	胸部		身体	1306	R
	六条骨	六條骨	loyʔ2 teu21 ɔuʔ12	loyk2 deu21 ouk24	肋骨		身体	1306	R
	𬂌	𬂌	nεiŋ52	neing53	乳房		身体	1306	R
	腹*老	腹*老	puʔ12 lɔ33	buk24 lo33	肚子		身体	1306	R
	腹*脐*	腹*臍*	puʔ12 sai52	buk24 sai53	肚脐		身体	1306	R
	手肚	手肚	ts‘iu24 lu33	ciu24 lu33	手臂		身体	1306	R
	胳洛下	胳洛下	kɔʔ12 lɔuʔ5 a242	gok24 louk5 a242	腋下		身体	1306	R
	巴掌	巴掌	pa52 ʒyoŋ33	ba53 jyong33	手掌		身体	1306	R
	掌指	掌指	tsieŋ24 ʒai33	zieng24 njai33	手指		身体	1306	R
	掌甲	掌甲	tsieŋ44 ŋaʔ12	zieng55 ngak24	指甲		身体	1306	R
	掌头母*	掌頭母*	tsieŋ24 nau21 mɔ33	zieng24 nau21 mo33	大母指		身体	1306	R
	鸡角指*	雞角指*	kie21 oyʔ12 tsai33	gie21 oyk24 zai33	食指		身体	1306	R
	台中*指*	台中*指*	tai21 lɔuŋ52 tsai33	dai21 loung53 zai33	中指		身体	1306	R
	无*名*指*	無*名*指*	mɔ21 miaŋ21 ʒai33	mo21 miang21 njai33	无名指		身体	1306	R
	尾掌指*	尾掌指*	mui21 ʒieŋ24 ʒai33	mui21 jieng24 njai33	小指		身体	1306	R
	骹肚囝	骹肚囝	k‘a21 lu24 iaŋ33	ka21 lu24 iang33	小腿		身体	1306	R
	骹𩨑	骹𩨑	k‘a44 naŋ44	ka55 nang55	脚后跟		身体	1306	R
	骹□底	骹□底	k‘a21 ʒyo24 lε33	ka21 jyo24 le33	脚底		身体	1306	R
	骹目睭	骹目睭	k‘a21 mεiʔ5 tsiu44	ka21 meik5 ziu55	脚踝		身体	1306	R
	骹腹*头*	骹腹*頭*	k‘a21 βuʔ12 t‘au52	ka21 wuk24 tau53	膝盖		身体	1306	R
	骹掌指*	骹掌指*	k‘a21 ʒieŋ24 ʒai33	ka21 jieng24 njai33	脚指		身体	1306	R
	骹柄下	骹柄下	k‘a21 βaŋ52 ŋa242	ka21 wang53 nga242	胯下		身体	1306	R
	股川	股川	ku21 ʒyoŋ44	gu21 jyong55	屁股		身体	1306	R
	肾脬	腎脬	liŋ44 p‘a44	ling55 pa55	阴囊		身体	1307	L
	肾核子	腎核子	liŋ21 ŋuoʔ2 tsi33	ling21 nguok2 zi33	睾丸		身体	1307	L
	朘友	朘友	noy21 iu33	noy21 iu33	男阴		身体	1307	L
	姕𱂮	姕䫌	tsi52 βε33	zi53 we33	女阴		身体	1307	L
	目滓	目滓	mɔyʔ2 tsai33	moyk2 zai33	眼泪		身体	1307	L
	鼻□	鼻□	p‘i52 lœ52	pi53 leo53	鼻涕		身体	1307	L
	鼻屎	鼻屎	pi52 lai33	bi53 lai33	鼻精(干结的鼻涕)		身体	1307	L
	𪢌	𪢌	laŋ33	lang33	口水		身体	1307	L
	苦毛	苦毛	k‘u21 mo52	ku21 mo53	毫毛		身体	1307	L
	破*病*	破*病*	p‘uai52 βaŋ242	puai53 wang242	生病		疾病	1307	L
	无*力*□	無*力*□	mɔ21 niʔ5 ai52	mo21 nik5 ai53	不舒服，病了		疾病	1307	L
	喫亏	喫虧	k‘iʔ12 k‘ui44	kik24 kui55	难受		疾病	1307	L
	看病*	看病*	k‘aŋ52 paŋ242	kang53 bang242	医病		疾病	1307	L
	牧病*	牧病*	muoʔ2 paŋ242	muok2 bang242	医病		疾病	1307	L
	惊凊	驚凊	kiaŋ52 ts‘eiŋ213	giang53 ceing213	怕冷		疾病	1307	L
	嗽	嗽	sau213	sau213	咳嗽		疾病	1307	L
	吐	吐	t‘ou213	tou213	呕吐		疾病	1307	L
	病泻	病瀉	paŋ21 nia213	bang21 nia213	拉肚子		疾病	1307	L
	过	過	kuo213	guo213	传染		疾病	1307	L
	发烧	发燒	huaʔ12 siu44	huak24 siu55	发热		疾病	1307	L
	头*眩*	頭*眩*	t‘au52 hiŋ52	tau53 hing53	头晕		疾病	1307	L
	生*𭼕	生*𭼕	saŋ52 huoŋ213	sang53 huong213	长疖子		疾病	1307	L
	生*痱	生*痱	sanŋ52 pui213	sanng53 bui213	长痱子		疾病	1307	L
	拍*腹*寒*	拍*腹*寒*	pa21 puʔ12 kaŋ52	ba21 buk24 gang53	打摆子		疾病	1307	L
	病疳	病疳	paŋ44 kaŋ44	bang55 gang55	疳积		疾病	1307	L
	病囝	病囝	paŋ21 ŋiaŋ33	bang21 ngiang33	害喜		疾病	1307	L
	病腿	病腿	paŋ21 t‘ɔy33	bang21 toy33	痳疯病		疾病	1307	L
	生*㾸𤶁	生*㾸𤶁	saŋ52 kɔ21 lɔ242	sang53 go21 lo242	长疥疮		疾病	1307	L
	生疥	生疥	saŋ52 kε213	sang53 ge213	长疥疮		疾病	1307	L
	病哑	病啞	paŋ21 ŋa33	bang21 nga33	哑巴		疾病	1307	L
	耳聋	耳聾	ŋi44 loyŋ52	ngi55 leoyng53	耳朵聋		疾病	1307	L
	眚盲	眚盲	ts‘aŋ44 maŋ52	cang55 mang53	眼瞎		疾病	1307	L
	光瞎	光瞎	kuoŋ52 ŋaʔ12	guong53 ngak24	青光眼		疾病	1307	L
	缺喙	缺喙	k‘ieʔ5 ts‘ui213	kiek5 cui213	豁唇		疾病	1307	L
	病*颤疯	病*顫瘋	paŋ21 ʒieŋ44 ŋuŋ44	bang21 njieng55 ngung55	肢体颤抖		疾病	1307	L
	瘌头	瘌頭	laʔ12 t‘au52	lak24 tau53	秃头		疾病	1307	R
	麻面	麻面	ma21 meiŋ213	ma21 meing213	麻脸		疾病	1307	R
	大舌□	大舌□	tuai21 lieʔ5 pœ33	duai21 liek5 beo33	口吃		疾病	1307	R
	出铺	出鋪	ts‘uʔ12 p‘uo44	cuk24 puo55	出麻疹		疾病	1307	R
	出水珠	出水珠	ts‘uʔ12 tsy21 ʒuo44	cuk24 zy21 juo55	出水痘		疾病	1307	R
	中风	中風	tyŋ44 ŋuŋ4	dyng55 ngung4	脑溢血		疾病	1307	R
	摆骹	擺骹	pai21 k‘a44	bai21 ka55	跛脚		疾病	1307	R
	弯髀	彎髀	uaŋ44 p‘iaŋ4	uang55 piang4	驼背		疾病	1307	R
	羊眩*	羊眩*	yoŋ21 hiŋ52	yong21 hing53	羊癫病		疾病	1307	R
	冻子	凍子	toyŋ52 ʒi33	deoyng53 nji33	冻疮		疾病	1307	R
	□肠头	□腸頭	t‘ouʔ5 tɔuŋ21 nau52	touk5 doung21 nau53	疝气		疾病	1307	R
	结肠	結腸	kieʔ12 tyoŋ52	giek24 dyong53	便秘		疾病	1307	R
	啡血	啡血	p‘ui52 hεiʔ12	pui53 heik24	吐血		疾病	1307	R
	发*核	發*核	puoʔ12 houʔ5	buok24 houk5	鼠疫		疾病	1307	R
	泼尿	潑尿	puaʔ5 niu242	buak5 niu242	泄尿		疾病	1307	R
	拈药	拈藥	nieŋ44 yoʔ5	nieng55 yok5	抓药		疾病	1307	R
	食药	食藥	sieʔ5 yoʔ5	siek5 yok5	服药		疾病	1307	R
	破相	破相	p‘ɔ52 lyoŋ213	po53 lyong213	五官缺陷		疾病	1307	R
	讨親	討親	t‘ɔ21 ʒiŋ44	to21 jing55	娶親		风俗	1307	R
	讨新妇	討新婦	t‘ɔ21 liŋ52 mou242	to21 ling53 mou242	娶媳妇		风俗	1307	R
	做新妇	做新婦	tsɔ21 liŋ52 mou242	zo21 ling53 mou242	出嫁		风俗	1307	R
	出门	出門	ts‘uʔ12 muoŋ52	cuk24 muong53	出嫁		风俗	1307	R
	过门	過門	kuo44 muoŋ52	guo55 muong53	出嫁		风俗	1307	R
	送门头	送門頭	soyŋ44 muoŋ44 nau52	seoyng55 muong55 nau53	送礼		风俗	1307	R
	做十	做十	tsɔ44 sεiʔ5	zo55 seik5	做寿		风俗	1307	R
	做晬	做晬	ts52 tsoy213	z53 zoy213	庆婴儿周岁		风俗	1307	R
	做三旦	做三旦	tsɔ21 saŋ52 naŋ213	zo21 sang53 nang213	庆婴儿出生三天		风俗	1307	R
	做满月	做滿月	tsɔ21 muaŋ21 ŋuokʔ5	zo21 muang21 nguogk5	庆婴儿出生一个月		风俗	1307	R
	生去*	生去*	sεiŋ44 ŋɔ213	seing55 ngo213	死去		风俗	1307	R
	过后	過後	kuo52 au242	guo53 au242	去世		风俗	1307	R
	收□	收□	siu44 liʔ5	siu55 lik5	收殓		风俗	1307	R
	进葬	進葬	tsiŋ52 ʒɔuŋ213	zing53 njoung213	出葬		风俗	1307	R
	头七	頭七	t‘au21 ʒeiʔ12	tau21 jeik24	人死后第七天祭奠		风俗	1307	R
	断七	斷七	tɔuŋ21 ʒeiʔ12	doung21 njeik24	人死后第四十九天祭奠		风俗	1307	R
	安三	安三	aŋ44 naŋ4	ang55 nang4	葬后第三天上墓山祭奠		风俗	1307	R
	硩纸	硩紙	ta52 ʒai33	da53 jai33	扫墓后把冥钱压在坟头		风俗	1308	L
	地理先生	地理先生	ti21 li21 siŋ44 naŋ44	di21 li21 sing55 nang55	看风水选墓址的人		风俗	1308	L
	道士	道士	tɔ21 lai242	do21 lai242	祭奠死者时念经的道士		风俗	1308	L
	金银箔	金銀箔	kiŋ44 ŋyŋ44 mɔʔ5	ging55 ngyng55 mok5	冥钱		风俗	1308	L
	元宝箔	元寶箔	ŋuoŋ21 mo31 βɔʔ5	nguong21 mo31 wok5	冥钱		风俗	1308	L
	香线	香線	hyoŋ52 niaŋ213	hyong53 niang213	香		风俗	1308	L
	糙衫	糙衫	ts‘ɔ44 laŋ44	co55 lang55	麻衣		风俗	1308	L
	断杖	斷杖	tɔuŋ21 nyoŋ242	doung21 nyong242	哭丧棒		风俗	1308	L
	筅堂	筅堂	ts‘εiŋ21 nouŋ52	ceing21 noung53	过年大扫除		风俗	1308	L
	做年	做年	tsɔ44 nieŋ52	zo55 nieng53	过年		风俗	1308	L
	硩岁钱	硩歲錢	ta21 ui44 ʒieŋ52	da21 ui55 jieng53	压岁钱		风俗	1308	L
	字运	字運	tsi21 ouŋ242	zi21 oung242	运气		风俗	1308	L
	过运	過運	kuo52 ouŋ242	guo53 oung242	度过厄运		风俗	1308	L
	公婆龛	公婆龕	kuŋ44 mɔ44 k‘aŋ44	gung55 mo55 kang55	祖宗牌位		风俗	1308	L
	行第	行第	ɔuŋ21 nε242	oung21 ne242	辈份		风俗	1308	L
	粪池	糞池	puŋ44 nie52	bung55 nie53	粪池，厕所		农事	1308	L
	镰𬭴	鐮𬭴	lieŋ21 ŋεiʔ12	lieng21 ngeik24	镰刀		农事	1308	L
	播田	播田	puo44 ʒεiŋ52	buo55 jeing53	插秧		农事	1308	L
	薅草	薅草	hau52 ʒau33	hau53 jau33	除草		农事	1308	L
	割粙	割粙	kaʔ5 tiu242	gak5 diu242	割稻子		农事	1308	L
	做田	做田	tsɔ44 ts‘εiŋ52	zo55 ceing53	种田		农事	1308	L
	饲*牛	飼*牛	tsi44 ŋu52	zi55 ngu53	看牛		农事	1308	L
	拾*猪屎	拾*豬屎	k‘aʔ12 ty52 lai33	kak24 dy53 lai33	拣猪粪		农事	1308	L
	棕蓑	棕蓑	tsoyŋ44 nai44	zeoyng55 nai55	蓑衣		农事	1308	L
	扁担	扁擔	pieŋ21 naŋ44	bieng21 nang55	扁挑		农事	1308	L
	沃料	沃料	uo52 leu242	uo53 leu242	浇肥		农事	1308	L
	曝栗	曝栗	p‘uo21 ʒuoʔ12	puo21 juok24	晒谷子		农事	1308	L
	栽菜	栽菜	tsai52 ts‘ai213	zai53 cai213	种菜		农事	1308	L
	硩番薯	硩番薯	ta21 uaŋ44 ny52	da21 uang55 ny53	种番薯		农事	1308	L
	拾*柴	拾*柴	k‘aʔ12 ts‘ia52	kak24 cia53	砍柴火		农事	1308	L
	剉树*	剉樹*	ts‘oy52 ts‘iu213	coy53 ciu213	砍树		农事	1308	L
	摔粙	摔粙	soyʔ5 tiu242	soyk5 diu242	打谷子		农事	1308	L
	牛栏	牛欄	ŋu21 laŋ52	ngu21 lang53	牛栏		农事	1308	L
	鸡宿	雞宿	kie52 liu213	gie53 liu213	鸡窝		农事	1308	L
	擦番薯米	擦番薯米	ts‘iaʔ12 huaŋ52 ny21 mi33	ciak24 huang53 ny21 mi33	刨番薯丝		农事	1308	L
	犁	犁	lε52	le53	犁		农事	1308	R
	耙	耙	pa242	ba242	松土，碎土		农事	1308	R
	粪□	糞□	puŋ44 ts‘iaʔ5	bung55 ciak5	粪勺		农事	1308	R
	涂箕	塗箕	t‘u44 i44	tu55 i55	土箕		农事	1308	R
	水车	水車	tsy21 ʒia44	zy21 jia55	水车		农事	1308	R
	水碓	水碓	tsy44 lai213	zy55 lai213	水力带动碾米、磨麦的机器		农事	1308	R
	麦房	麥房	ma44 βuŋ52	ma55 wung53	磨麦作坊		农事	1308	R
	做度绳	做度繩	tsɔ21 tu44 liŋ52	zo21 du55 ling53	盖房屋司付		工艺	1308	R
	做细桌	做細桌	tsɔ21 sε52 lɔʔ12	zo21 se53 lok24	制木器司付		工艺	1308	R
	衣裳司付	衣裳司付	i21 lyoŋ21 na52 ou242	i21 lyong21 na53 ou242	做衣服司付		工艺	1308	R
	做涂司付	做塗司付	tsɔ44 t‘u52 sa52 ou242	zo55 tu53 sa53 ou242	泥水匠		工艺	1308	R
	厨司付	廚司付	tuo21 la52 ou242	duo21 la53 ou242	厨师		工艺	1308	R
	做竹司付	做竹司付	tsɔ52 tøyʔ12 sa52 ou242	zo53 deoyk24 sa53 ou242	竹器匠		工艺	1308	R
	拍*铁	拍*鐵	p‘a52 t‘ieʔ12	pa53 tiek24	打铁		工艺	1308	R
	拍*石*	拍*石*	p‘a44 lyoʔ5	pa55 lyok5	打石头		工艺	1308	R
	佮桶	佮桶	kaʔ12 t‘oyŋ33	gak24 teoyng33	制桶		工艺	1308	R
	拍席	拍席	p‘a44 ts‘yoʔ5	pa55 cyok5	编草席		工艺	1308	R
	鞝鞋	鞝鞋	ts‘yoŋ44 ε52	cyong55 e53	把鞋帮、鞋底缝合成鞋		工艺	1308	R
	拾搭厝	拾搭厝	k‘a21 laʔ5 ts‘uo213	ka21 lak5 cuo213	修理房屋		工艺	1308	R
	起厝	起厝	k‘i44 ts‘uo213	ki55 cuo213	盖房屋		工艺	1308	R
	弹棉	彈棉	taŋ21 mieŋ52	dang21 mieng53	弹棉花		工艺	1308	R
	箍桶	箍桶	k‘u52 t‘oyŋ33	ku53 teoyng33	箍桶		工艺	1308	R
	铸鼎	鑄鼎	tsuo52 tiaŋ33	zuo53 diang33	铸锅		工艺	1308	R
	补鼎	補鼎	puo24 tiaŋ33	buo24 diang33	补锅		工艺	1308	R
	针黹	針黹	tsεiŋ52 ʒi33	zeing53 nji33	做针线活		工艺	1308	R
	㔏墙	㔏墻	lie21 ts‘yoŋ52	lie21 cyong53	砌墙		工艺	1308	R
	砌墙	砌墻	ts‘ieʔ12 ts‘yoŋ52	ciek24 cyong53	砌墙		工艺	1308	R
	㔏灶	㔏竈	lie44 tsau213	lie55 zau213	砌灶		工艺	1308	R
	拍金	拍金	p‘a44 kiŋ44	pa55 ging55	打金首饰		工艺	1308	R
	拍锡	拍錫	p‘a52 seiʔ12	pa53 seik24	打锡制品		工艺	1308	R
	搭被	搭被	taʔ5 p‘ui242	dak5 pui242	缝被子		工艺	1308	R
	𬘜衣裳	𬘜衣裳	t‘ieŋ21 i44 lyoŋ52	tieng21 i55 lyong53	缝衣服		工艺	1308	R
	铰布	鉸布	ka52 puo213	ga53 buo213	剪布		工艺	1308	R
	做饼	做餅	tsɔ52 piaŋ33	zo53 biang33	制饼		工艺	1308	R
	做竹	做竹	tsɔ52 tøyʔ12	zo53 deoyk24	制竹器		工艺	1308	R
	破*篾	破*篾	p‘uai44 mieʔ5	puai55 miek5	破竹子		工艺	1309	L
	做生意	做生意	tsɔ21 lεiŋ52 ŋei213	zo21 leing53 ngei213	做生意		商业	1309	L
	老板	老板	lɔ21 pεiŋ33	lo21 being33	老板		商业	1309	L
	伙计	夥計	huo44 ei213	huo55 ei213	伙计		商业	1309	L
	师兄	師兄	sai44 iaŋ44	sai55 iang55	伙计，学徒		商业	1309	L
	京果店	京果店	kiŋ21 ŋou44 lεiŋ213	ging21 ngou55 leing213	食品干果店		商业	1309	L
	苏纺店	蘇紡店	su21 uoŋ44 nεiŋ213	su21 uong55 neing213	百货店		商业	1309	L
	酱园店	醬園店	tsyoŋ44 ŋuoŋ21 nεiŋ213	zyong55 nguong21 neing213	酱制食品店		商业	1309	L
	药材店	藥材店	yo21 ʒai21 lεiŋ213	yo21 jai21 leing213	中药铺		商业	1309	L
	退衣店	退衣店	t‘ɔ21 i52 lεiŋ213	to21 i53 leing213	估衣店		商业	1309	L
	馆店	館店	kuaŋ44 nεiŋ213	guang55 neing213	菜馆		商业	1309	L
	剃头店	剃頭店	t‘ie44 lau21 leiŋ213	tie55 lau21 leing213	理发店		商业	1309	L
	客栈	客棧	k‘a52 ʒiaŋ242	ka53 jiang242	旅社		商业	1309	L
	茶店	茶店	ta21 lεiŋ214	da21 leing214	茶馆		商业	1309	L
	硋店	硋店	hai21 lεiŋ213	hai21 leing213	陶瓷器店		商业	1309	L
	数簿桌	數簿桌	su21 βuo52 loʔ242	su21 wuo53 lok242	账房		商业	1309	L
	柜头	櫃頭	kui44 lau52	gui55 lau53	柜台		商业	1309	L
	番钱	番錢	huaŋ44 ʒieŋ52	huang55 njieng53	银圆		商业	1309	L
	银角	銀角	ŋyŋ21 ŋoyʔ12	ngyng21 ngoyk24	小银圆		商业	1309	L
	铜片	銅片	toyŋ21 p‘ieŋ213	deoyng21 pieng213	小铜钱		商业	1309	L
	工钱	工錢	koyŋ44 ʒieŋ52	geoyng55 njieng53	工资		商业	1309	L
	花采钱	花采錢	hua21 ʒai21 ʒieŋ52	hua21 jai21 jieng53	小费		商业	1309	L
	趁钱	趁錢	t‘iŋ44 ts‘ieŋ52	ting55 cieng53	赚钱		商业	1309	L
	折本	折本	sieʔ2 puoŋ33	siek2 buong33	亏本		商业	1309	L
	讲价	講價	kɔug44 ka213	goug55 ga213	讲价钱		商业	1309	L
	起价	起價	k‘i44 a213	ki55 a213	涨价		商业	1309	L
	填价	填價	tεiŋ21 ka213	deing21 ga213	还价，讨价		商业	1309	L
	倩工	倩工	ts‘iaŋ44 koyŋ44	ciang55 geoyng55	雇工		商业	1309	L
	籴米	糴米	tieʔ2 mi33	diek2 mi33	买米		商业	1309	L
	粜粟	糶粟	t‘iu52 ts‘uoʔ12	tiu53 cuok24	卖谷子		商业	1309	L
	碎钱	碎錢	ts‘oy44 ʒieŋ52	coy55 jieng53	零钱		商业	1309	L
	权钱	權錢	kuoŋ21 ʒieŋ52	guong21 njieng53	整钱		商业	1309	L
	欠数	欠數	k‘ieŋ52 nou213	kieng53 nou213	欠账		商业	1309	L
	赊数	賒數	sia52 lou213	sia53 lou213	赊账		商业	1309	L
	倒街	倒街	tɔ21 kε44	do21 ge55	商品过剩		商业	1309	L
	拍倒店	拍倒店	p‘a21 lɔ44 lεiŋ213	pa21 lo55 leing213	店铺倒闭		商业	1309	L
	成花	成花	siaŋ44 ŋua44	siang55 ngua55	成交		商业	1309	R
	学堂	學堂	hɔuʔ5 tɔuŋ52	houk5 doung53	学校		文教	1309	R
	去*斋	去*齋	k‘o44 tsε44	ko55 ze55	上学		文教	1309	R
	上堂	上堂	syoŋ44 tɔuŋ52	syong55 doung53	上课		文教	1309	R
	落堂	落堂	lɔ44 lɔuŋ52	lo55 loung53	下课		文教	1309	R
	放*昼*	放*晝*	puŋ52 nau213	bung53 nau213	放午学		文教	1309	R
	放暝	放暝	puŋ44 maŋ52	bung55 mang53	放晚学		文教	1309	R
	背书	背書	pui44 tsy44	bui55 zy55	背诵课文		文教	1309	R
	水笔	水筆	tsy44 βeiʔ12	zy55 weik24	毛笔		文教	1309	R
	洋笔	洋筆	yoŋ21 meiʔ12	yong21 meik24	铅笔		文教	1309	R
	几何车	幾何車	ki44 o44 ʒia44	gi55 o55 jia55	圆规		文教	1309	R
	簿簿	簿簿	puo21 puo242	buo21 buo242	练习本		文教	1309	R
	做码	做碼	tsɔ52 ma33	zo53 ma33	考书做弊		文教	1309	R
	鸭母卵	鴨母卵	aʔ12 mo44 lɔuŋ242	ak24 mo55 loung242	考书得零分		文教	1309	R
	头*名*	頭*名*	t‘au21 miaŋ52	tau21 miang53	第一名		文教	1309	R
	尾名	尾名	mui21 miaŋ52	mui21 miang53	最后一名		文教	1309	R
	关*昼*	關*晝*	kuoŋ44 nau213	guong55 nau213	中午不让学生放学		文教	1309	R
	关*暝	關*暝	kuoŋ44 maŋ52	guong55 mang53	下午不让学生放学		文教	1309	R
	徛堂	徛堂	k‘ie44 lɔuŋ52	kie55 loung53	站着上课		文教	1309	R
	走*走*搦	走*走*搦	tsau21 tsau21 nieʔ5	zau21 zau21 niek5	一种追抓跑者的游戏		文教	1309	R
	屈屈密	屈屈密	k‘uʔ12 k‘uʔ12 mεiʔ5	kuk24 kuk24 meik5	一种寻找躲藏者的游戏		文教	1309	R
	抛*粪斗	拋*糞鬥	p‘a21 puŋ24 nau33	pa21 bung24 nau33	打滚翻		文教	1309	R
	行*棋	行*棋	kiaŋ21 ki52	giang21 gi53	下棋		文教	1309	R
	放*纸鹞	放*紙鷂	puŋ21 tsai44 iu242	bung21 zai55 iu242	放风筝		文教	1309	R
	舞龙	舞龍	u21 lyŋ52	u21 lyng53	舞龙		文教	1309	R
	拍*狮	拍*獅	p‘a44 lai44	pa55 lai55	舞狮子		文教	1309	R
	泅水	泅水	siu21 ʒy33	siu21 jy33	游泳		文教	1309	R
	做戏	做戲	tsɔ52 hie213	zo53 hie213	演戏		文教	1309	R
	拍*打	拍*打	p‘a52 la33	pa53 la33	武打		文教	1309	R
	伬唱	伬唱	ts‘ie52 ʒyoŋ213	cie53 jyong213	有伴奏的民间戏曲演唱		文教	1309	R
	十番伬	十番伬	sieʔ2 huaŋ44 ts‘ie44	siek2 huang55 cie55	民间音乐合奏		文教	1309	R
	锣鼓板	鑼鼓板	lɔ21 u24 βεiŋ33	lo21 u24 weing33	锣鼓钹等民间敲打乐器合奏		文教	1309	R
	批	批	p‘ie44	pie55	信		文教	1310	L
	批袋	批袋	p‘ie52 loy242	pie53 loy242	信封		文教	1310	L
	批纸	批紙	p‘ie52 ʒai33	pie53 jai33	信笺		文教	1310	L
	批肉	批肉	p‘ie44 nyʔ5	pie55 nyk5	信封里的信		文教	1310	L
	觑	覷	ts‘øy213	ceoy213	看		动作	1310	L
	望	望	mɔuŋ242	moung242	看		动作	1310	L
	盻	盻	hε33	he33	怒视，白眼		动作	1310	L
	相	相	syoŋ213	syong213	细看		动作	1310	L
	□	□	sau33	sau33	快看		动作	1310	L
	□	□	t‘iaʔ12	tiak24	眨眼		动作	1310	L
	䀫	䀫	k‘εiʔ12	keik24	闭眼		动作	1310	L
	□鼻	□鼻	t‘au44 p‘ei213	tau55 pei213	擤鼻涕		动作	1310	L
	□	□	tsoyʔ12	zoyk24	吻		动作	1310	L
	啜	啜	ts‘uoʔ12	cuok24	喝		动作	1310	L
	𠲿	𠲿	soʔ12	sok24	吮吸		动作	1310	L
	㖹	㖹	puŋ52	bung53	吹		动作	1310	L
	嗅	嗅	hiu213	hiu213	闻		动作	1310	L
	告	告	kœ213	geo213	叫		动作	1310	L
	吼	吼	hau33	hau33	招呼		动作	1310	L
	告叫	告叫	kœ52 kiu213	geo53 giu213	大声喊叫		动作	1310	L
	□	□	k‘ε33	ke33	啃		动作	1310	L
	□	□	ka242	ga242	咬		动作	1310	L
	嚗	嚗	pɔʔ12	bok24	骂		动作	1310	L
	𠿝	𠿝	ts‘œ52	ceo53	呵叱		动作	1310	L
	𠰭	𠰭	mau33	mau33	闭唇		动作	1310	L
	{啡𪢌𪢌,啡𪢌}	啡㘓	p‘ui21 laŋ33	pui21 lang33	吐口水		动作	1310	L
	诅	詛	tsou213	zou213	咒骂		动作	1310	L
	诅喙	詛喙	tsu52 ʒui213	zu53 jui213	赌咒		动作	1310	L
	嚼	嚼	tsyoʔ5	zyok5	咀嚼		动作	1310	L
	𫼗	𫼗	ma44	ma55	五指抓		动作	1310	L
	撚	撚	nɔuŋ52	noung53	两指揉		动作	1310	L
	掇	掇	tɔuʔ12	douk24	端		动作	1310	L
	捽	捽	tsɔuʔ22	zouk22	扯		动作	1310	L
	𢯾	𢯾	mɔ213	mo213	敲打		动作	1310	L
	𪮋	𪮋	soyʔ12	soyk24	摔打		动作	1310	L
	捭	捭	pi44	bi55	拉		动作	1310	L
	𢪱	𢪱	uʔ5	uk5	挥舞		动作	1310	R
	𢱤	𢱤	soyŋ33	seoyng33	推搡		动作	1310	R
	捵	捵	t‘iaŋ33	tiang33	推开		动作	1310	R
	拍*	拍*	paʔ12	bak24	打		动作	1310	R
	捋	捋	laʔ5	lak5	挽，摩		动作	1310	R
	瘿	癭	εiŋ44	eing55	放		动作	1310	R
	羁	羈	kie44	gie55	结，扣		动作	1310	R
	抔	抔	pouʔ12	bouk24	双手捧		动作	1310	R
	掼	摜	kuaŋ242	guang242	提		动作	1310	R
	㧾	㧾	houʔ12	houk24	用条物打		动作	1310	R
	抾	抾	k‘œ33	keo33	扔		动作	1310	R
	掏	掏	tɔ52	do53	拿		动作	1310	R
	拈	拈	nieŋ44	nieng55	拿		动作	1310	R
	刡	刡	mie44	mie55	削皮		动作	1310	R
	摒	摒	piaŋ213	biang213	倒掉		动作	1310	R
	□	□	lɔuŋ44	loung55	拳打		动作	1310	R
	舂	舂	tsyŋ44	zyng55	拳打		动作	1310	R
	櫼	櫼	tsieŋ44	zieng55	打入，挤入		动作	1310	R
	{鼓(搅),鼓}	鼓	ku33	gu33	搅拌		动作	1310	R
	抖	抖	teu33	deu33	抽打		动作	1310	R
	克	克	k‘εiʔ12	keik24	挤		动作	1310	R
	硩	硩	taʔ12	dak24	压		动作	1310	R
	□	□	sa52	sa53	乱拿		动作	1310	R
	磕	磕	k‘ouʔ5	kouk5	碰，敲打		动作	1310	R
	扛	扛	kɔuŋ44	goung55	抬		动作	1310	R
	杠	杠	k‘ɔuŋ52	koung53	肩负		动作	1310	R
	□	□	kiaʔ5	giak5	单头挑		动作	1310	R
	□	□	t‘ie33	tie33	撕		动作	1310	R
	□	□	hieŋ213	hieng213	扔		动作	1310	R
	□	□	liu44	liu55	扔		动作	1310	R
	𫦉	𫦉	leu33	leu33	剜		动作	1310	R
	挢	撟	kiu242	giu242	撬		动作	1310	R
	𰫋	䊟	maŋ44	mang55	蒙上		动作	1310	R
	泯	泯	miŋ44	ming55	躲		动作	1310	R
	囥	囥	k‘ɔuŋ213	koung213	藏起		动作	1310	R
	𦃆	𦃆	lɔʔ12	lok24	套入		动作	1310	R
	拭	拭	ts‘eiʔ12	ceik24	擦		动作	1310	R
	抹	抹	muaʔ12	muak24	涂上		动作	1310	R
	𢶀	𢶀	ts‘oy213	coy213	寻找		动作	1311	L
	行*	行*	kiaŋ52	giang53	走		动作	1311	L
	走*	走*	tsau33	zau33	逃		动作	1311	L
	躃	躃	pie213	bie213	跑		动作	1311	L
	□	□	k‘iu213	kiu213	蹲		动作	1311	L
	踅	踅	suoʔ5	suok5	旋转		动作	1311	L
	⿰扌秃	𢬳	t‘uʔ5	tuk5	刺入		动作	1311	L
	□	□	keiʔ12	geik24	刺入		动作	1311	L
	炬	炬	køy242	geoy242	点火		动作	1311	L
	□	□	leiʔ12	leik24	跳跃		动作	1311	L
	跞	躒	louʔ2	louk2	散步		动作	1311	L
	趖	趖	ts‘ɔʔ5	cok5	急奔		动作	1311	L
	跋	跋	puaʔ5	buak5	跌		动作	1311	L
	㰹	㰹	haŋ213	hang213	告知		动作	1311	L
	伐	伐	p‘uaʔ5	puak5	跨步		动作	1311	L
	□	□	iaʔ5	iak5	招手		动作	1311	L
	佮	佮	kaʔ12	gak24	合作，合{秋,伙}		行为	1311	L
	泎	泎	tsiaʔ12	ziak24	溅		行为	1311	L
	拾*	拾*	k‘aʔ12	kak24	捡		行为	1311	L
	拣	揀	kεiŋ33	geing33	挑选		行为	1311	L
	匀	勻	yŋ52	yng53	分出		行为	1311	L
	行*动*	行*動*	kiaŋ21 noyŋ242	giang21 nooyng242	走动		行为	1311	L
	对手	對手	toy52 ʒiu33	doy53 jiu33	帮忙		行为	1311	L
	讲证	講證	kɔuŋ44 tseiŋ213	goung55 zeing213	谈天道地		行为	1311	L
	讲□□	講好套	kɔuŋ44 hɔ21 lɔ213	goung55 ho21 lo213	说笑		行为	1311	L
	讲畅	講暢	kɔuŋ44 tyoŋ213	goung55 dyong213	说着玩		行为	1311	L
	碎讲	碎講	ts‘oy44 ouŋ33	coy55 oung33	闲聊		行为	1311	L
	蛮笑	蠻笑	maŋ21 ts‘iu213	mang21 ciu213	开玩笑		行为	1311	L
	解*闷	解*悶	kε44 mouŋ242	ge55 moung242	寻开心，拿别人开玩笑		行为	1311	L
	解*衰	解*衰	kε21 soy44	ge21 soy55	捉弄人		行为	1311	L
	刺*溪	刺*溪	ts‘ie44 k‘ε44	cie55 ke55	取笑，挖苦别人		行为	1311	L
	加三码	加三碼	k21 laŋ52 ma33	g21 lang53 ma33	弄虚作假		行为	1311	L
	保削	保削	pɔ44 lyoʔ12	bo55 lyok24	爱惜，保护		行为	1311	L
	容纵	容縱	yŋ21 ʒoyŋ213	yng21 njeoyng213	纵容		行为	1311	L
	做愆	做愆	tsɔ44 k‘ieŋ44	zo55 kieng55	做孽		行为	1311	L
	做证	做證	tsɔ52 ʒeiŋ213	zo53 jeing213	设计使人上当		行为	1311	R
	做胡	做胡	tsɔ44 hu52	zo55 hu53	马虎，骗人		行为	1311	R
	做死胚	做死胚	tsɔ52 li21 βui44	zo53 li21 wui55	耍赖		行为	1311	R
	做码	做碼	tsɔ52 ma33	zo53 ma33	作弊		行为	1311	R
	做水	做水	tsɔ52 ʒy33	zo53 jy33	食物中掺水加重		行为	1311	R
	做呆	做呆	tsɔ44 ŋai52	zo55 ngai53	破罐子破摔		行为	1311	R
	做畅	做暢	tsɔ52 t‘yoŋ213	zo53 tyong213	开玩笑		行为	1311	R
	做家	做家	tsɔ44 a44	zo55 a55	节约		行为	1311	R
	拍*𰺲	拍*逿	p‘a52 tɔuŋ242	pa53 doung242	丢掉		行为	1311	R
	拍*□	拍*□	p‘a52 loyʔ12	pa53 loyk24	丢掉		行为	1311	R
	拍*无*	拍*無*	p‘a52 mɔ52	pa53 mo53	丢失		行为	1311	R
	拍*𰺲阵	拍*𰺲陣	p‘a21 lɔuŋ52 neiŋ242	pa21 loung53 neing242	迷路		行为	1311	R
	拍*𰺲𰉣	拍*𰺲𰉣	p‘a21 lɔuŋ52 nuo242	pa21 loung53 nuo242	迷路		行为	1311	R
	爆*家	爆*家	pouʔ2 ka44	bouk2 ga55	暴露，败露		行为	1311	R
	摊拍*	攤拍*	t‘aŋ52 maʔ12	tang53 mak24	排场		行为	1311	R
	无*□	無*□	mɔ44 ts‘yoʔ5	mo55 cyok5	不理 睬		行为	1311	R
	无*察	無*察	mo21 ts‘iaʔ12	mo21 ciak24	不管		行为	1311	R
	拨醒*	撥醒*	puaʔ12 ts‘iaŋ33	buak24 ciang33	经点拨醒悟		行为	1311	R
	变面*	變面*	pieŋ52 meiŋ213	bieng53 meing213	翻脸		行为	1311	R
	问*算	問*算	muoŋ52 nɔuŋ213	muong53 noung213	责问		行为	1311	R
	拍*算	拍*算	p‘a52 lɔuŋ213	pa53 loung213	打算		行为	1311	R
	褪沏*沏*	褪沏*沏*	t‘ɔuŋ21 na52 aʔ12	toung21 na53 ak24	打赤膊		行为	1311	R
	褪股马	褪股馬	t‘ɔuŋ21 ŋu24 ma33	toung21 ngu24 ma33	光臀		行为	1311	R
	学*	學*	ɔʔ5	ok5	学习；背后传话		行为	1311	R
	受治	受治	siu21 lei42	siu21 lei42	被虐待		行为	1311	R
	受怪	受怪	siu21 uai213	siu21 uai213	可怜		行为	1311	R
	定动*	定動*	tiŋ21 noyŋ242	ding21 nooyng242	动弹		行为	1311	R
	填谜	填謎	tεiŋ21 mei242	deing21 mei242	猜谜		行为	1311	R
	拍*施	拍*施	p‘a44 lie44	pa55 lie55	散落		行为	1311	R
	听喙	聽喙	t‘iaŋ52 ʒu213	tiang53 nju213	听话		行为	1311	R
	八	仈	pεiʔ12	beik24	知道		心理	1311	R
	八传	仈傳	pεiʔ2 tyoŋ52	beik2 dyong53	知道		心理	1311	R
	会八	會仈	ε242 pεiʔ12	e242 beik24	知道，懂得，认识		心理	1311	R
	𫧃八	儥仈	mε21 βεiʔ12	me21 weik24	不知道，不懂，不认识		心理	1311	R
	会捨	會捨	ε242 sia33	e242 sia33	捨得		心理	1311	R
	𫧃捨	儥捨	mε21 lia33	me21 lia33	捨不得		心理	1312	L
	八症	八癥	pεiʔ12 tseiŋ213	beik24 zeing213	识相，懂规矩		心理	1312	L
	当𫧃殆	當儥殆	tɔuŋ21 mε52 tai213	doung21 me53 dai213	受不了		心理	1312	L
	气	氣	k‘ei213	kei213	生气		心理	1312	L
	恻	惻	ts‘εiʔ12	ceik24	悲切，生气		心理	1312	L
	愁*	愁*	teu52	deu53	愁闷		心理	1312	L
	欢喜	歡喜	huaŋ52 ni33	huang53 ni33	喜欢		心理	1312	L
	见觉	見覺	kieŋ52 ŋoyʔ12	gieng53 ngoyk24	感觉		心理	1312	L
	退悔	退悔	t‘oy52 ui213	toy53 ui213	后悔		心理	1312	L
	慌瘴	慌瘴	huoŋ44 tsyoŋ44	huong55 zyong55	慌张		心理	1312	L
	苦	苦	k‘u33	ku33	发愁		心理	1312	L
	蒻	蒻	yoʔ12	yok24	疲劳，泄气		心理	1312	L
	会意	會意	hui52 ei213	hui53 ei213	理解		心理	1312	L
	𫧃会意	儥會意	mε44 hui21 ei213	me55 hui21 ei213	不理解		心理	1312	L
	惊	驚	kiaŋ44	giang55	怕		心理	1312	L
	伓惊	伓驚	iŋ44 ŋiaŋ44	ing55 ngiang55	不怕		心理	1312	L
	透骹	透骹	t‘au44 k‘a44	tau55 ka55	舒服		心理	1312	L
	念	念	nεiŋ242	neing242	想念		心理	1312	L
	安心	安心	aŋ44 niŋ44	ang55 ning55	放心		心理	1312	L
	敆壳	敆殼	kaʔ2 k‘oyʔ12	gak2 koyk24	卡壳，难缠		性状	1312	L
	平*直	平*直	paŋ44 niʔ5	bang55 nik5	整齐，诚实		性状	1312	L
	平*搭	平*搭	paŋ21 naʔ12	bang21 nak24	稳妥，周到		性状	1312	L
	平*正*	平*正*	paŋ21 ʒiaŋ213	bang21 njiang213	质地不好		性状	1312	L
	平*长*	平*長*	paŋ21 nɔuŋ52	bang21 noung53	一样长		性状	1312	L
	残	殘	ts‘iaŋ52	ciang53	心狠		性状	1312	L
	𠏋	𠏋	k‘œ52	keo53	傻，笨		性状	1312	L
	𪴯	𪴯	ŋɔuŋ242	ngoung242	傻		性状	1312	L
	恶	惡	ouʔ12	ouk24	凶		性状	1312	L
	臒	臒	oʔ12	ok24	乖，听话		性状	1312	L
	下邪	下邪	a44 lia52	a55 lia53	耍赖，占便宜		性状	1312	L
	缠绊	纏絆	tieŋ21 muaŋ242	dieng21 muang242	纠缠不清		性状	1312	L
	好高瘌	好高瘌	hɔ21 kɔ52 laʔ12	ho21 go53 lak24	自大，好表现		性状	1312	L
	呆*乇	呆*乇	ŋai21 noʔ12	ngai21 nok24	坏东西，坏蛋		性状	1312	L
	好脚	好腳	hɔ44 yoʔ12	ho55 yok24	强手		性状	1312	L
	死脚	死腳	si44 yoʔ		呆板，不灵活，不好用的脚色		性状	1312	L
	本事	本事	puoŋ44 nøy242		有本事		性状	1312	R
	墘角	墘角	kieŋ21 ŋoyʔ12		严密周到		性状	1312	R
	四角	四角	si52 koyʔ12		刻板，太认真		性状	1312	R
	利落*	利落*	li44 lɔʔ5		勤快		性状	1312	R
	定*着	定*着	tiaŋ44 tyoʔ5		老实，守规矩		性状	1312	R
	定*虫	定*蟲	tiaŋ44 t‘oyŋ52		懒惰		性状	1312	R
	细腻	細膩	sε52 nei242		小心，客气		性状	1312	R
	好疼	好疼	hɔ44 liaŋ213		可爱，和蔼		性状	1312	R
	𫦉骨	𫦉骨	leu21 ɔuʔ12		尖刻		性状	1312	R
	顽	頑	ŋuaŋ52		顽皮		性状	1312	R
	奸尻利	奸尻利	kaŋ21 iu44 lei242		吝啬		性状	1312	R
	病*净洁	病*淨潔	paŋ44 ʒiŋ21 ŋieʔ12		洁癖		性状	1312	R
	𡟑	𡟑	heu52		女人不正派		性状	1312	R
	无*定*	無*定*	mɔ21 liaŋ242		好动，不规矩		性状	1312	R
	𡟑无*定*	𡟑無*定*	heu21 mɔ21 liaŋ242		女人不正派		性状	1312	R
	臭硬	臭硬	ts‘au52 ŋεiŋ242		死硬		性状	1312	R
	假师*	假師	ka21 sa44		不懂装懂		性状	1312	R
	了离	了离	liu44 lie242		清楚，敏捷		性状	1312	R
	纳闷	難悶	naʔ12 mɔuŋ242		傻样，不清楚		性状	1312	R
	伓是胚	伓是胚	iŋ21 ni44 p‘ui44		不是好东西		性状	1312	R
	王道	王道	uog21 nɔ242		厚道，善良		性状	1312	R
	慒	慒	tsœ44		胡涂，马虎		性状	1312	R
	{橂(𠕆),𠕆}	𠕆	tεiŋ242		结实		性状	1312	R
	冇	冇	p‘aŋ213		不结实		性状	1312	R
	滥	濫	laŋ242		沾水		性状	1312	R
	烂	爛	laŋ242		煮熟、腐烂		性状	1312	R
	瘼	瘼	mouʔ12		烂糊		性状	1312	R
	燋	燋	ta44		干		性状	1312	R
	润*	潤*	nouŋ213		潮湿		性状	1312	R
	𬲕	𬲕	tsiaŋ33		味淡		性状	1312	R
	糗	糗	k‘iu213		硬		性状	1312	R
	清	清	tsiŋ44		稀		性状	1312	R
	𬇴	𬇴	kyʔ5		浓		性状	1312	R
	☐	☐	kuai44		(菜)老		性状	1312	R
	幼	幼	iu213		不成熟		性状	1312	R
	戋	戔	tsieŋ33		不成熟		性状	1312	R
	宿	宿	søyʔ12		成熟		性状	1312	R
	肥	肥	pui52		肥，胖		性状	1313	L
	𤸬	𤸬	soy44		(人)瘦		性状	1313	L
	矬	矬	tsɔ242		矮胖		性状	1313	L
	滇	滇	tieŋ242		满		性状	1313	L
	抽	抽	t‘iu44		瘦长		性状	1313	L
	生*	生*	ts‘iaŋ44		生的		性状	1313	L
	価	価	sε242		多		性状	1313	L
	稠	稠	seu52		均匀，经常		性状	1313	L
	俊	俊	tsouŋ213		美		性状	1313	L
	好疼	好疼	hɔ44 liaŋ213		可爱，漂亮		性状	1313	L
	拉查	拉查	la44 ʒia44		肮脏		性状	1313	L
	麻渣	麻渣	ma21 tsia52		肮脏		性状	1313	L
	沏*洁	沏*潔	t‘a52 εiʔ12		清洁		性状	1313	L
	闹热	鬧熱	nau44 ieʔ5		热闹		性状	1313	L
	惯势	慣勢	kεiŋ52 sie213		习惯		性状	1313	L
	盘数	盤數	puaŋ21 nou213		傻瓜，做傻事		性状	1313	L
	无*块死	無*塊死	mɔ21 noy53 si33		质差		性状	1313	L
	无*乇使*	無*乇使*	mɔ21 nɔ52 lai33		无用		性状	1313	L
	无*成*乇	無*成*乇	mɔ21 liaŋ21 nɔʔ12		不成样子		性状	1313	L
	无亥数	無亥數	mo21 ai52 lou213		没本事，没希望		性状	1313	L
	张死款	張死款	tyoŋ21 si24 k‘uaŋ33		装腔作势		性状	1313	L
	臭酸	臭酸	tsau44 sɔug44		闻出酸味		性状	1313	L
	行*时	行*時	kiaŋ21 ni52		时髦		性状	1313	L
	时式	時式	si52 leiʔ12		时兴		性状	1313	L
	无*样	無*樣	mɔ21 yoŋ242		丢脸		性状	1313	L
	玩愚	玩愚	ŋuaŋ21 ŋøy242		丢脸		性状	1313	L
	困*落*	困*落*	εiŋ44 lɔʔ5		清闲		性状	1313	L
	背	背	pui242		倒霉		性状	1313	L
	赘*闷	贅*悶	t‘ui52 mouŋ242		啰嗦		性状	1313	L
	跋摔	跋摔	puaʔ2 soyʔ12		颠簸		性状	1313	L
	白老鼠	白老鼠	pa21 lɔ24 ʒy33		分文俱无		性状	1313	L
	罔去*	罔去*	muŋ44 ŋɔ213		将就，随便		性状	1313	L
	快*脆	快*脆	k‘ε52 ʒui213		快捷		性状	1313	L
	有*硬	有*硬	u21 ŋεiŋ242		结实		性状	1313	L
	有*使*	有*使*	u21 lai33		经用		性状	1313	L
	有*影*	有*影*	u21 iaŋ33		有效		性状	1313	L
	我*	我*	ŋuai33		我		指代	1313	R
	汝	汝	ny33		你		指代	1313	R
	伊	伊	i44		他		指代	1313	R
	我*各侬	我*各儂	ŋuai33 koʔ5 noyŋ52		我们		指代	1313	R
	依家各侬	依家各儂	noyŋ44 ŋa44 kɔʔ5 noyŋ52		咱们		指代	1313	R
	汝各侬	汝各儂	ny33 koʔ5 noyŋ52		你们		指代	1313	R
	伊各侬	伊各儂	i44 koʔ5 noyŋ52		他们		指代	1313	R
	大家侬	大家儂	tai21 a44 noyŋ52		大家		指代	1313	R
	自家	自家	tsi44 a44		自己		指代	1313	R
	别侬	別儂	pieʔ12 noyŋ52		别人		指代	1313	R
	这只*	這只*	tsi21 ʒieʔ12		这个		指代	1313	R
	□只*	□只*	hi21 (hie21) ʒieʔ12		那个		指代	1313	R
	者辰候	者辰候	tsia44 lεiŋ21 ŋau242		这时候		指代	1313	R
	□辰候	□辰候	hia44 lεiŋ21 ŋau242		那时候		指代	1313	R
	□□	□□	tsu44 uai213		这里		指代	1313	R
	□□	□□	hu44 uai213		那里		指代	1313	R
	这𣆯	這𣆯	tsi21 ɔuŋ52		这么久		指代	1313	R
	□𣆯	□𣆯	hi21 (hie21) ɔuŋ52		那么久		指代	1313	R
	蒋款	蔣款	tsyoŋ24 ŋuaŋ33		这样		指代	1313	R
	响款	響款	hyoŋ24 uaŋ33		那样		指代	1313	R
	□侬	□儂	tœ44 loyŋ52		谁		指代	1313	R
	什乇侬	什乇儂	sieʔ2 nɔ44 noyŋ52		什么人		指代	1313	R
	乇侬	乇儂	nɔ44 noyŋ52		什么人		指代	1313	R
	乜候	乜候	mieʔ5 ŋau242		什么时候		指代	1313	R
	乇辰候	乇辰候	nɔ44 lεiŋ21 ŋau242		什么时候		指代	1313	R
	乇事*计	乇事*計	nɔ44 lai21 ie213		什么事情，干什么		指代	1313	R
	□□	□□	taŋ24 nœ33		哪里		指代	1313	R
	□蜀*只*	□蜀*只*	taŋ44 nyo21 ʒieʔ12		哪一个		指代	1313	R
	□蜀间	□蜀間	taŋ44 nyo44 aŋ44		哪一间		指代	1313	R
	这□讲	這□講	tsie44 nie44 kɔuŋ33		怎么讲，怎样讲		指代	1313	R
	蒋讲	蔣講	tsyoŋ24 ŋɔuŋ33		怎么		指代	1313	R
	蒋其	蔣其	tsyoŋ21 ŋi52		怎样，怎么样		指代	1313	R
	偌夥	偌夥	nyo21 uai242		多少		指代	1313	R
	偌価	偌価	nyo21 lε242		多少		指代	1313	R
	偌夥価	偌夥価	nyo21 uai21 sε242		多少		指代	1313	R
	偌大	偌大	nyo21 tuai242		多大		指代	1314	L
	偌夥大	偌夥大	nyo44 uai21 tuai242		多大		指代	1314	L
	偌𣆯	偌𣆯	nyo21 ɔuŋ52		多久		指代	1314	L
	偌夥𣆯	偌夥𣆯	nyɔ44 uai44 ɔuŋ52		多久		指代	1314	L
	偌夥侬	偌夥儂	nyɔ44 uai44 noyŋ52		多少人		指代	1314	L
	几*只*侬	幾*只*儂	kui44 ʒieʔ12 noyŋ52		几个人		指代	1314	L
	偌夥件	偌夥件	nyo44 uai21 yoŋ242		多少件		指代	1314	L
	几*件	幾*件	kui44 yoŋ242		几件		指代	1314	L
	一	一	eiʔ12		一		数量	1314	L
	蜀*	蜀*	syoʔ5		一		数量	1314	L
	二	二	nei242		二		数量	1314	L
	两	兩	laŋ242		两		数量	1314	L
	三	三	saŋ44		三		数量	1314	L
	四	四	sei213		四		数量	1314	L
	五	五	ŋou242		五		数量	1314	L
	六	六	loyʔ5		六		数量	1314	L
	七	七	ts‘eiʔ12		七		数量	1314	L
	八	八	pεiʔ12		八		数量	1314	L
	九	九	kau33		九		数量	1314	L
	十	十	sεiʔ5		十		数量	1314	L
	二十	二十	ni44 leiʔ5		二十		数量	1314	L
	廿一	廿一	nieʔ5 eiʔ12		二十一		数量	1314	L
	百	百	paʔ12		百		数量	1314	L
	千	千	ts‘ieŋ44		千		数量	1314	L
	万	萬	uaŋ242		万		数量	1314	L
	亿	億	ei213		亿		数量	1314	L
	菩	菩	puo52		朵	蜀*(一)～花	数量	1314	L
	只	隻	tsieʔ12		个	蜀*(一)～侬(人)	数量	1314	L
	头	頭	t‘au52		只	蜀*(一)～猪	数量	1314	L
	把	把	pa33		枝	蜀*(一)～笔	数量	1314	R
	条	條	teu52		根	蜀*(一)～竹(竹子)	数量	1314	R
	蔸	蔸	tau44		株	蜀*(一)～树	数量	1314	R
	块	塊	toy213		件	蜀*(一)～衣裳(衣服)	数量	1314	R
	奇	奇	k‘ia44		只	蜀*(一)～鞋	数量	1314	R
	喙	喙	ts‘ui213		口	蜀*(一)～饭	数量	1314	R
	架	架	ka213		块	蜀*(一)～手表	数量	1314	R
	落	落	loʔ5		座	蜀*(一)～厝(房子)	数量	1314	R
	厝	厝	ts‘uo213		家	蜀*(一)～侬(人)	数量	1314	R
	堵	堵	tu33		间	蜀*(一)～房间	数量	1314	R
	箬	箬	nyoʔ5		叶	蜀*(一)～树箬(树叶)	数量	1314	R
	条	條	teu52		条	蜀*(一)～手巾(手帕)	数量	1314	R
	块	塊	toy213		个	蜀*(一)～杯(杯子)	数量	1314	R
	骹	骹	k‘a44		个	蜀*(一)～布袋	数量	1314	R
	只	隻	tsieʔ12		个	蜀*(一)～花瓶	数量	1314	R
	条	條	teu52		把	蜀*(一)～椅(椅子)	数量	1314	R
	架	架	ka213		辆	蜀*(一)～汽车	数量	1314	R
	张	張	t‘yoŋ44		封	蜀*(一)～批(信)	数量	1314	R
	只*	隻*	tsieʔ12		个	蜀*(一)～批袋(信封)	数量	1314	R
	□	□	pouʔ12		泡	蜀*(一)～屎	数量	1314	R
	骹	骹	k‘a44		脚	踢蜀*(一)～	数量	1314	R
	掌	掌	tsyoŋ33		巴掌	𪮋(摔)蜀*(一)～	数量	1314	R
	棍	棍	kɔuŋ213		棍子	拍*(打)蜀*(一)～	数量	1314	R
	槌	槌	t‘ui52		拳头	拍*(打)蜀*(一)～	数量	1314	R
	醒	醒	ts‘iaŋ33		觉	睏(睡)蜀*(一)～	数量	1314	R
	箸	箸	tøy242		筷子	挟(挟)蜀*(一)～	数量	1314	R
	□	□	lau52		趟	行*(走)蜀*(一)～	数量	1314	R
	喙	喙	ts‘ui213		口	啜(喝)蜀*(一)～	数量	1314	R
	蜀*𣆯	蜀*𣆯	syo44 ɔuŋ52		一会儿	来～	数量	1314	R